months_as_customer,age,policy_number,policy_bind_date,policy_state,policy_csl,policy_deductable,policy_annual_premium,umbrella_limit,insured_zip,insured_sex,insured_education_level,insured_occupation,insured_hobbies,insured_relationship,capital-gains,capital-loss,incident_date,incident_type,collision_type,incident_severity,authorities_contacted,incident_state,incident_city,incident_location,incident_hour_of_the_day,number_of_vehicles_involved,property_damage,bodily_injuries,witnesses,police_report_available,total_claim_amount,injury_claim,property_claim,vehicle_claim,auto_make,auto_model,auto_year,fraud_reported,fraud_flag,reviews
8,49,222425,10/28/97,OH,250/500,1000,1511.74,4000000,629125,MALE,Associate,armed-forces,skydiving,other-relative,38836,-37745,01/31/15,Parked Car,Rear Collision,Minor Damage,Police,SC,Arlington,7745 Maple Drive,11,2,NO,0,3,YES,52503,2852,12222,37429,Ford,A3,2005,N,0,
341,72,515365,02/13/03,VA,250/500,2000,1224.16,5000000,601063,FEMALE,MD,sales,camping,unmarried,56336,-51710,09/11/14,Multi-vehicle Collision,Side Collision,Major Damage,Police,IL,Columbus,5717 4th St,5,1,YES,0,1,YES,105194,23185,19468,62541,Chevrolet,A3,1996,N,0,
296,69,782146,09/20/11,SC,250/500,1000,1203.53,6000000,432511,MALE,PhD,exec-managerial,camping,unmarried,60521,-40650,04/01/15,Parked Car,Rear Collision,Major Damage,,IN,Arlington,6869 5th Ridge,10,1,NO,0,3,YES,45296,9774,5955,29567,Ford,F150,2012,N,0,
27,21,270555,03/24/05,IN,100/300,1000,1279.68,6000000,634534,MALE,Masters,machine-op-inspct,dancing,own-child,21422,-5974,11/21/15,Multi-vehicle Collision,Front Collision,Minor Damage,,NC,Columbus,6019 1st Ave,21,1,YES,2,1,NO,33838,5214,5938,22686,Mercedes,RSX,2005,N,0,
454,24,876580,04/15/14,OH,250/500,500,1898.55,6000000,507404,MALE,MD,sales,golf,other-relative,5135,-68819,10/02/15,Single Vehicle Collision,Rear Collision,Major Damage,Police,WV,Arlington,5479 4th St,21,3,NO,0,0,YES,55485,10751,6446,38288,Toyota,95,2004,N,0,
110,67,621560,02/28/04,SC,500/1000,1000,1786.73,6000000,565493,FEMALE,MD,machine-op-inspct,board-games,wife,22294,-30466,12/02/15,Single Vehicle Collision,Rear Collision,Minor Damage,Police,IL,Hillsdale,3932 Maple Drive,3,3,?,0,3,?,31832,3283,6040,22509,Dodge,A3,2000,N,0,
128,63,290269,01/04/08,WV,250/500,1000,1376.5,6000000,416042,FEMALE,MD,priv-house-serv,skydiving,unmarried,32989,-77842,11/22/14,Single Vehicle Collision,Side Collision,Total Loss,Ambulance,WV,Northbend,7664 2nd Drive,19,1,?,0,1,?,115076,19651,26951,68474,Accura,Highlander,2006,Y,1,Worst experience ever. Not recommended.
93,71,945141,02/14/03,IL,100/300,1000,1915.76,4000000,480688,FEMALE,MD,machine-op-inspct,dancing,wife,53004,-29507,06/17/14,Parked Car,Side Collision,Minor Damage,Police,WV,Riverwood,7483 5th Ridge,12,3,YES,1,0,YES,115269,25875,24319,65075,Toyota,Pathfinder,2006,Y,1,
167,28,220617,03/19/02,WV,500/1000,1000,1941.14,0,681732,FEMALE,Associate,priv-house-serv,reading,own-child,21156,-28514,01/25/15,Multi-vehicle Collision,Front Collision,Minor Damage,Ambulance,VA,Columbus,3521 5th Ridge,19,3,YES,2,2,YES,17165,3203,2686,11276,Accura,RAM,2006,N,0,
88,33,369164,07/24/99,VA,250/500,1000,1836.27,4000000,661649,MALE,High School,tech-support,bungie-jumping,unmarried,44063,-45662,12/25/14,Parked Car,Rear Collision,Minor Damage,Ambulance,SC,Springfield,8461 4th St,21,3,YES,1,3,YES,9207,2135,1795,5277,Accura,Highlander,2009,N,0,
174,79,668910,10/16/00,SC,250/500,1000,1716.92,6000000,428669,FEMALE,Associate,armed-forces,reading,husband,40064,-24195,03/27/15,Single Vehicle Collision,?,Total Loss,Other,VA,Riverwood,8515 3rd Hwy,14,3,YES,0,0,NO,63489,12823,14104,36562,Honda,RAM,2004,Y,1,
406,78,514428,05/16/08,NC,250/500,1000,1565.83,4000000,558881,MALE,Masters,machine-op-inspct,bungie-jumping,own-child,77953,-37108,07/03/15,Single Vehicle Collision,Front Collision,Minor Damage,Fire,WV,Northbend,3480 2nd Drive,23,3,YES,1,2,NO,111803,6553,9804,95446,Honda,E400,2007,Y,1,
226,59,472198,09/10/95,NY,100/300,2000,1947.95,0,450704,MALE,High School,sales,skydiving,unmarried,4119,-13445,12/13/15,Single Vehicle Collision,Front Collision,Minor Damage,Ambulance,NC,Springfield,9672 Maple Drive,19,2,NO,2,0,YES,57989,10538,10630,36821,Dodge,Highlander,2010,N,0,
461,41,151808,02/13/92,NY,100/300,2000,1013.73,3000000,555061,FEMALE,PhD,armed-forces,golf,own-child,57094,-4207,11/14/15,Parked Car,Rear Collision,Minor Damage,,OH,Arlington,8834 5th Ridge,8,2,YES,1,1,NO,100491,20174,14046,66271,Toyota,A5,2009,Y,1,
225,65,265047,06/01/10,OH,100/300,1000,1320.89,4000000,565484,MALE,Masters,tech-support,board-games,own-child,6690,-32219,08/16/14,Single Vehicle Collision,Front Collision,Total Loss,Other,NY,Hillsdale,3695 4th St,1,2,YES,1,0,NO,22642,2092,4449,16101,Audi,E400,2005,N,0,
139,27,176771,12/02/01,NC,250/500,1000,964.98,0,407890,MALE,Associate,tech-support,reading,husband,17798,-54847,06/07/14,Multi-vehicle Collision,Side Collision,Total Loss,Fire,IN,Columbus,2723 1st Ave,10,1,?,2,0,YES,92337,17369,16357,58611,Honda,95,2011,N,0,
394,57,142600,10/02/15,IN,500/1000,1000,1805.2,6000000,642617,FEMALE,Associate,priv-house-serv,dancing,unmarried,67677,-75630,05/27/15,Multi-vehicle Collision,Front Collision,Major Damage,Other,SC,Riverwood,7941 3rd Hwy,13,2,NO,0,3,YES,49756,11756,10060,27940,Honda,92x,1998,N,0,
410,44,279499,03/03/04,SC,250/500,2000,1722.74,5000000,660496,FEMALE,High School,sales,skydiving,unmarried,22755,-78285,12/13/14,Single Vehicle Collision,?,Minor Damage,Police,IN,Springfield,6136 5th Ridge,8,2,NO,2,3,YES,52186,4237,12556,35393,Nissan,95,2015,N,0,
431,70,784711,03/27/95,NC,250/500,2000,1093.08,3000000,646195,MALE,PhD,sales,bungie-jumping,other-relative,55352,-78473,08/26/15,Parked Car,Rear Collision,Minor Damage,Police,OH,Hillsdale,6000 2nd Drive,15,2,?,1,0,?,36861,4689,4284,27888,Honda,A5,1997,N,0,
445,78,667146,11/04/11,NC,100/300,500,1778.4,4000000,654787,MALE,PhD,priv-house-serv,board-games,wife,52764,-17678,12/25/14,Parked Car,Rear Collision,Minor Damage,Police,VA,Springfield,8862 1st Ave,9,1,?,2,0,YES,113847,7463,8244,98140,Mercedes,95,2001,N,0,
13,44,161319,12/01/08,NY,250/500,1000,1370.37,0,487139,MALE,Associate,armed-forces,reading,wife,35035,-45349,05/19/15,Parked Car,Rear Collision,Minor Damage,Police,IL,Springfield,3146 Maple Drive,11,1,YES,1,0,YES,4015,698,848,2469,Audi,A3,2014,N,0,
256,25,345205,08/20/00,NC,500/1000,2000,1174.9,0,516291,MALE,MD,sales,board-games,wife,55339,-18849,12/02/15,Single Vehicle Collision,Side Collision,Major Damage,Other,VA,Springfield,2758 Maple Drive,19,2,NO,2,2,NO,111124,22533,7593,80998,Honda,RSX,2011,Y,1,
134,79,936256,10/05/99,VA,100/300,1000,1224.32,0,436829,MALE,Masters,exec-managerial,skydiving,wife,61161,-73563,08/12/14,Multi-vehicle Collision,?,Minor Damage,Police,IN,Arlington,9951 Elm Lane,9,1,YES,1,3,NO,37956,5253,5894,26809,Mercedes,F150,2005,N,0,
123,60,954833,10/23/01,VA,250/500,2000,1126.59,5000000,693698,MALE,High School,machine-op-inspct,skydiving,other-relative,47923,-9273,10/07/14,Vehicle Theft,Front Collision,Major Damage,,SC,Columbus,8452 4th St,10,2,NO,1,2,NO,29998,5641,6794,17563,Audi,95,2000,N,0,
121,34,805536,08/09/02,NY,250/500,2000,1726.48,5000000,658817,MALE,High School,priv-house-serv,reading,wife,44422,-39051,07/15/14,Single Vehicle Collision,Rear Collision,Major Damage,Police,OH,Riverwood,3044 3rd Hwy,23,3,YES,0,1,NO,116365,15708,6036,94621,Toyota,95,2003,Y,1,
412,26,474580,01/15/03,IL,500/1000,2000,932.26,0,652570,MALE,Associate,exec-managerial,reading,husband,9154,-16341,08/24/14,Single Vehicle Collision,Side Collision,Total Loss,Other,WV,Hillsdale,8703 Elm Lane,4,3,NO,1,0,YES,13986,2038,2433,9515,Mercedes,Camry,2003,N,0,No communication during claim process. Left in dark.
396,41,774640,08/12/94,IL,100/300,1000,1515.86,5000000,468347,FEMALE,Masters,priv-house-serv,board-games,unmarried,58681,-38750,06/01/15,Single Vehicle Collision,?,Total Loss,Police,IN,Northbend,3664 5th Ridge,1,1,YES,1,3,?,38832,3579,5061,30192,Honda,E400,2006,N,0,
107,60,661797,12/09/12,SC,250/500,2000,1626.26,0,594619,FEMALE,MD,tech-support,sleeping,other-relative,40091,-43117,11/04/14,Multi-vehicle Collision,Rear Collision,Minor Damage,Police,IL,Riverwood,7243 4th St,21,1,NO,2,1,YES,61741,13793,5455,42493,Accura,Camry,2014,N,0,Website app buggy.
205,37,539896,11/29/07,WV,250/500,2000,1581.66,5000000,688473,MALE,High School,tech-support,reading,wife,59469,-77457,07/12/15,Multi-vehicle Collision,Side Collision,Minor Damage,Fire,IN,Springfield,1801 1st Ave,4,1,YES,0,2,YES,8457,1274,1684,5499,Saab,F150,1995,N,0,
370,27,608954,03/02/08,SC,250/500,2000,1030.2,6000000,415788,MALE,MD,tech-support,reading,other-relative,69958,-16107,06/11/14,Single Vehicle Collision,Rear Collision,Minor Damage,Other,IN,Hillsdale,7998 1st Ave,6,3,NO,2,1,YES,72210,12927,9766,49517,Nissan,RSX,1995,N,0,
74,41,518635,12/20/99,OH,100/300,2000,847.1,3000000,484434,FEMALE,Associate,machine-op-inspct,skydiving,wife,69844,-44650,07/21/14,Single Vehicle Collision,Front Collision,Total Loss,Police,NC,Columbus,3032 Elm Lane,22,3,YES,1,0,YES,56929,9964,6953,40012,Accura,Highlander,2003,Y,1,Service rude dismissive.
315,76,547313,11/07/02,NY,500/1000,1000,1955.26,0,494975,FEMALE,Masters,armed-forces,reading,husband,73496,-41740,10/29/14,Multi-vehicle Collision,Side Collision,Major Damage,Police,OH,Hillsdale,1966 3rd Hwy,11,1,NO,0,2,YES,49962,5481,7372,37109,Accura,RAM,2014,N,0,
219,37,266889,11/27/15,VA,250/500,500,1027.03,6000000,518778,MALE,High School,protective-serv,dancing,husband,11899,-2912,12/09/15,Multi-vehicle Collision,?,Minor Damage,Police,NC,Arlington,9013 4th St,2,1,NO,0,0,NO,67802,5872,4927,57003,Chevrolet,Highlander,1995,N,0,Claim denied without proper investigation.
463,74,459716,01/17/97,VA,100/300,1000,1892.76,5000000,506605,FEMALE,Associate,exec-managerial,sleeping,husband,50782,-78194,07/10/15,Vehicle Theft,Front Collision,Total Loss,Police,VA,Riverwood,5834 3rd Hwy,2,1,YES,2,3,?,44687,10441,8912,25334,Mercedes,A5,1995,Y,1,
369,43,635796,07/24/13,OH,250/500,2000,1003.76,5000000,463596,FEMALE,PhD,machine-op-inspct,skydiving,unmarried,21887,-78536,06/28/15,Multi-vehicle Collision,Front Collision,Total Loss,,IN,Columbus,8559 4th St,1,2,YES,1,1,NO,111117,27219,25089,58809,Saab,RAM,1998,Y,1,
116,79,501527,06/28/15,NC,250/500,1000,1637.3,5000000,510805,FEMALE,Masters,tech-support,sleeping,unmarried,30047,-37989,10/26/14,Single Vehicle Collision,Rear Collision,Minor Damage,Fire,NC,Northbend,2376 1st Ave,23,1,YES,2,3,YES,11180,1052,1814,8314,Mercedes,F150,2009,N,0,
417,76,283471,04/28/96,IL,250/500,2000,1797.1,0,559340,MALE,PhD,machine-op-inspct,bungie-jumping,unmarried,7551,-53174,01/22/14,Multi-vehicle Collision,Side Collision,Major Damage,Police,WV,Hillsdale,8467 5th Ridge,23,2,?,0,3,NO,88596,10059,21217,57320,Honda,95,1998,N,0,
399,72,996414,10/28/99,WV,250/500,500,1381.79,5000000,538323,MALE,Masters,sales,board-games,own-child,53827,-44006,03/11/14,Single Vehicle Collision,Rear Collision,Minor Damage,Police,VA,Arlington,9406 Elm Lane,21,2,YES,0,0,YES,66763,14414,16082,36267,Toyota,Civic,2001,N,0,
107,21,381503,12/12/14,NY,250/500,500,1561.56,4000000,646946,FEMALE,PhD,sales,sleeping,other-relative,23921,-48097,03/25/14,Single Vehicle Collision,Front Collision,Total Loss,Police,VA,Springfield,5927 5th Ridge,17,3,NO,0,2,?,35923,2911,4894,28118,Accura,92x,2000,N,0,
259,41,182868,03/18/99,VA,500/1000,1000,1835.44,4000000,633586,FEMALE,High School,machine-op-inspct,golf,unmarried,64045,-32864,04/09/14,Vehicle Theft,Side Collision,Total Loss,Fire,OH,Springfield,3060 4th St,11,2,YES,0,1,YES,37385,3699,7293,26393,Ford,92x,2005,N,0,
397,68,506722,04/09/00,NY,250/500,2000,1846.94,5000000,546934,MALE,MD,tech-support,skydiving,other-relative,21311,-30510,12/19/14,Multi-vehicle Collision,Side Collision,Minor Damage,Police,IN,Northbend,5361 2nd Drive,19,1,?,0,1,YES,82402,7408,15426,59568,Ford,A5,1996,N,0,
116,46,969530,04/23/99,WV,250/500,500,1833.71,0,628712,MALE,High School,priv-house-serv,bungie-jumping,husband,68915,-46948,02/17/15,Single Vehicle Collision,Side Collision,Total Loss,Police,IN,Northbend,3094 Elm Lane,3,2,NO,2,3,YES,21754,1970,4336,15448,Mercedes,A5,1996,N,0,
123,55,675731,02/28/96,IL,100/300,2000,1273.79,6000000,567803,MALE,Masters,tech-support,board-games,other-relative,77267,-38361,07/10/15,Multi-vehicle Collision,Rear Collision,Total Loss,,IN,Arlington,9174 Maple Drive,8,2,YES,2,1,YES,91712,18132,6520,67060,Accura,Civic,2013,Y,1,
83,37,328085,04/02/94,NC,500/1000,1000,1853.32,5000000,690059,FEMALE,Associate,protective-serv,camping,other-relative,42264,-53067,09/12/14,Vehicle Theft,Side Collision,Minor Damage,,OH,Arlington,4143 2nd Drive,20,3,NO,2,0,YES,2764,441,619,1704,Dodge,92x,2015,N,0,
4,57,931032,06/21/12,OH,500/1000,500,1144.14,6000000,579157,FEMALE,MD,sales,golf,husband,49905,-44050,10/29/14,Single Vehicle Collision,Rear Collision,Major Damage,,VA,Arlington,4481 5th Ridge,13,3,YES,0,0,YES,61526,13848,14902,32776,Nissan,RAM,2010,N,0,Hidden charges appeared on bill after renewal.
249,48,818242,02/12/03,NC,100/300,2000,957.21,6000000,661106,MALE,PhD,protective-serv,skydiving,husband,10290,-59182,03/14/15,Vehicle Theft,Front Collision,Total Loss,,IN,Northbend,9064 5th Ridge,16,1,YES,0,3,YES,32417,3553,2778,26086,Chevrolet,A5,2014,N,0,
9,70,956360,02/21/14,NY,100/300,2000,1340.22,5000000,480610,FEMALE,High School,sales,board-games,wife,41723,-9282,06/22/15,Multi-vehicle Collision,Rear Collision,Minor Damage,Police,WV,Arlington,5498 2nd Drive,6,1,YES,0,2,YES,11627,1395,893,9339,Accura,A5,2003,N,0,Extremely frustrated with processes.
291,32,307841,02/01/94,NC,100/300,1000,1877.8,6000000,463981,MALE,PhD,tech-support,skydiving,wife,69518,-52991,04/15/14,Multi-vehicle Collision,Side Collision,Major Damage,,OH,Riverwood,5088 Maple Drive,3,1,NO,0,0,YES,59404,6655,14637,38112,Chevrolet,RSX,2009,N,0,
208,30,507186,01/05/14,NC,500/1000,2000,1508.18,0,626131,FEMALE,MD,exec-managerial,camping,wife,65839,-35653,08/12/14,Multi-vehicle Collision,?,Minor Damage,,VA,Arlington,9300 2nd Drive,1,3,?,1,0,YES,75642,12233,9914,53495,Dodge,A3,2014,N,0,
92,77,452294,11/01/96,OH,100/300,1000,855.01,6000000,659016,MALE,High School,tech-support,bungie-jumping,wife,65118,-63779,09/15/14,Multi-vehicle Collision,?,Total Loss,Police,OH,Arlington,3992 1st Ave,9,2,NO,2,2,YES,20624,3608,1759,15257,Nissan,RSX,2007,N,0,
181,49,946733,08/10/07,NC,250/500,1000,1392.2,4000000,634623,MALE,High School,priv-house-serv,golf,husband,38680,-63688,06/23/15,Multi-vehicle Collision,Rear Collision,Major Damage,Police,IN,Hillsdale,9180 Elm Lane,2,3,NO,2,3,YES,56975,11943,6653,38379,Nissan,Civic,2000,N,0,
8,43,741271,08/09/09,IN,250/500,1000,939.19,5000000,578694,MALE,High School,armed-forces,golf,husband,61706,-25166,11/18/15,Multi-vehicle Collision,Front Collision,Total Loss,Police,OH,Springfield,2386 1st Ave,4,1,YES,1,3,?,16004,810,3997,11197,Audi,Pathfinder,1998,N,0,
72,26,286099,08/10/96,IL,250/500,500,1628.5,6000000,464354,FEMALE,Associate,sales,reading,own-child,49770,-24582,08/13/15,Multi-vehicle Collision,Rear Collision,Minor Damage,Police,WV,Arlington,9181 Maple Drive,20,3,?,2,0,YES,9767,820,2076,6871,Honda,A3,2000,N,0,
236,38,932045,09/16/93,NC,250/500,2000,1514.15,4000000,528478,FEMALE,Associate,exec-managerial,dancing,other-relative,65911,-44168,02/02/14,Single Vehicle Collision,Front Collision,Minor Damage,Police,VA,Arlington,8645 Maple Drive,20,2,YES,2,1,YES,109477,6833,12841,89803,Chevrolet,A3,2013,Y,1,
39,67,387861,11/02/91,WV,500/1000,500,1219.26,0,545931,MALE,Associate,sales,reading,wife,28384,-46650,08/20/14,Vehicle Theft,?,Minor Damage,Police,NY,Riverwood,9194 2nd Drive,5,3,YES,1,2,YES,99754,14807,14890,70057,Honda,Civic,2007,Y,1,
364,75,492673,04/10/91,VA,250/500,2000,1467.28,6000000,661749,MALE,High School,sales,golf,husband,8278,-59363,07/28/15,Single Vehicle Collision,Front Collision,Major Damage,Police,VA,Columbus,8167 5th Ridge,19,2,YES,2,1,NO,92410,19638,6732,66040,Nissan,RAM,2003,Y,1,
129,22,392826,04/09/07,VA,100/300,1000,988.45,4000000,617285,MALE,PhD,armed-forces,camping,husband,37959,-35736,09/02/14,Vehicle Theft,Front Collision,Minor Damage,Ambulance,IL,Springfield,2903 2nd Drive,2,3,YES,0,1,YES,58289,3316,14343,40630,Dodge,A3,2011,Y,1,
459,39,648679,04/27/13,IN,500/1000,2000,1972.92,5000000,440228,FEMALE,PhD,tech-support,dancing,husband,77173,-9393,09/07/15,Multi-vehicle Collision,?,Minor Damage,Police,NC,Springfield,2063 2nd Drive,0,2,YES,0,3,YES,27541,5866,5851,15824,Mercedes,E400,2002,N,0,
85,24,225326,01/03/06,VA,250/500,1000,1421.12,0,411252,FEMALE,High School,sales,golf,unmarried,14580,-20898,12/25/15,Single Vehicle Collision,Rear Collision,Minor Damage,Police,OH,Riverwood,3066 Elm Lane,9,3,?,1,3,YES,90588,22126,21774,46688,Ford,Highlander,2011,N,0,
313,44,412709,04/26/94,NC,500/1000,500,1403.17,6000000,566125,MALE,PhD,exec-managerial,sleeping,husband,49464,-50422,01/31/15,Single Vehicle Collision,Front Collision,Major Damage,,IL,Northbend,5815 Elm Lane,18,3,YES,2,3,YES,11067,783,693,9591,Toyota,F150,1999,N,0,
258,21,979264,03/27/00,WV,100/300,1000,1129.06,0,512335,FEMALE,Associate,priv-house-serv,reading,husband,17710,-70304,07/10/14,Parked Car,Rear Collision,Major Damage,Police,IN,Columbus,8188 2nd Drive,11,3,YES,1,3,YES,29324,5696,2078,21550,Dodge,92x,2003,N,0,
458,56,288503,10/01/92,SC,100/300,1000,1416.67,5000000,573615,MALE,High School,exec-managerial,camping,other-relative,75401,-52032,07/28/15,Multi-vehicle Collision,?,Minor Damage,Fire,NC,Columbus,2610 1st Ave,19,3,NO,1,1,YES,49979,8658,9466,31855,Mercedes,RSX,2000,N,0,
309,46,412851,10/14/09,NY,100/300,1000,1881.7,6000000,683823,MALE,High School,sales,golf,wife,34746,-788,05/16/14,Multi-vehicle Collision,?,Major Damage,Other,OH,Hillsdale,7165 2nd Drive,8,1,YES,1,1,NO,27688,3978,5850,17860,Saab,A5,2010,N,0,
432,63,946310,01/03/05,IL,250/500,2000,1251.82,3000000,682183,FEMALE,High School,tech-support,board-games,husband,69017,-4825,04/25/15,Vehicle Theft,Front Collision,Total Loss,Police,IN,Arlington,9129 5th Ridge,8,1,?,1,2,YES,103818,20687,23004,60127,Ford,RAM,2005,Y,1,
232,24,511964,09/29/11,WV,500/1000,500,1335.81,5000000,664491,MALE,Masters,armed-forces,camping,husband,53742,-38067,07/07/14,Single Vehicle Collision,Side Collision,Total Loss,,VA,Hillsdale,8515 1st Ave,14,2,NO,1,0,YES,22718,2227,2084,18407,Dodge,92x,1999,N,0,
109,44,945142,11/17/02,WV,100/300,1000,1187.67,0,401789,MALE,Associate,armed-forces,sleeping,husband,17760,-49778,04/07/14,Single Vehicle Collision,Front Collision,Minor Damage,Police,IN,Columbus,9714 Maple Drive,2,1,NO,0,1,NO,26093,1577,6386,18130,Nissan,A5,2010,N,0,
95,65,646245,05/14/05,VA,250/500,1000,1102.93,6000000,621676,MALE,Masters,machine-op-inspct,skydiving,own-child,2342,-17642,10/14/14,Single Vehicle Collision,Front Collision,Minor Damage,Police,IN,Northbend,8103 Elm Lane,14,2,NO,2,3,YES,55847,6476,8941,40430,Nissan,RSX,2002,N,0,
433,31,978430,12/31/96,NY,250/500,500,1788.22,0,515305,MALE,High School,protective-serv,sleeping,unmarried,16485,-79075,01/16/15,Multi-vehicle Collision,Front Collision,Minor Damage,Police,NY,Springfield,3880 1st Ave,14,2,NO,0,0,YES,27456,4550,6517,16389,Dodge,92x,2011,N,0,
102,35,877262,04/17/90,WV,100/300,500,1851.39,4000000,558591,FEMALE,Masters,armed-forces,dancing,wife,20259,-24026,01/07/15,Multi-vehicle Collision,?,Minor Damage,Fire,NC,Springfield,3013 2nd Drive,21,2,YES,1,0,NO,20194,3622,3736,12836,Toyota,Tahoe,2006,N,0,
365,56,980398,12/14/91,IN,100/300,500,1591.99,0,620472,MALE,Masters,machine-op-inspct,camping,own-child,9491,-51767,04/23/14,Vehicle Theft,Rear Collision,Major Damage,,NC,Hillsdale,3020 Elm Lane,15,3,NO,0,2,YES,70400,12494,5731,52175,Accura,Civic,2005,N,0,
264,66,698880,01/08/02,VA,100/300,2000,1758.84,6000000,616299,FEMALE,Associate,protective-serv,camping,unmarried,11059,-23331,09/16/14,Parked Car,Side Collision,Minor Damage,Police,SC,Springfield,9438 1st Ave,21,3,?,0,0,YES,110387,25098,27185,58104,Saab,Highlander,2001,Y,1,
139,28,912634,10/25/10,IN,100/300,2000,1585.17,0,639125,MALE,Associate,tech-support,golf,own-child,65944,-58510,02/14/14,Vehicle Theft,Side Collision,Major Damage,,IL,Columbus,1423 4th St,7,2,YES,0,0,?,34543,5962,4432,24149,Honda,Civic,2001,N,0,Policy lapsed poor communication.
205,42,780821,03/28/98,VA,100/300,500,1710.22,0,694730,MALE,Masters,priv-house-serv,bungie-jumping,own-child,44368,-12636,01/08/15,Single Vehicle Collision,Front Collision,Minor Damage,Police,VA,Hillsdale,3150 1st Ave,10,3,NO,2,0,?,116523,9148,19827,87548,Accura,RSX,2008,Y,1,
398,56,604631,08/02/06,NC,250/500,1000,980.66,4000000,603895,FEMALE,Associate,exec-managerial,dancing,wife,8925,-6318,06/18/14,Vehicle Theft,Front Collision,Major Damage,Other,WV,Springfield,6026 2nd Drive,14,1,NO,1,1,?,51720,10313,10349,31058,Toyota,F150,1995,N,0,Terrible experience start to finish.
227,75,112855,10/04/04,VA,100/300,500,1206.24,0,462917,FEMALE,Associate,exec-managerial,dancing,wife,30277,-33598,09/14/15,Vehicle Theft,Front Collision,Major Damage,Police,NC,Arlington,1294 5th Ridge,9,1,YES,2,2,?,32895,7401,5014,20480,Chevrolet,Camry,2007,N,0,
432,57,378272,10/05/93,OH,250/500,1000,1565.53,0,570164,MALE,High School,armed-forces,sleeping,other-relative,73856,-77295,03/02/15,Multi-vehicle Collision,Front Collision,Minor Damage,Ambulance,IN,Northbend,2080 Elm Lane,22,3,YES,2,2,YES,101237,17767,15700,67770,Saab,Highlander,2005,Y,1,
473,50,473730,04/02/01,OH,250/500,500,1634.32,0,558446,FEMALE,High School,machine-op-inspct,golf,own-child,52376,-64395,10/10/14,Vehicle Theft,?,Total Loss,,NY,Riverwood,7326 3rd Hwy,4,3,YES,0,1,YES,84369,10295,12152,61922,Toyota,95,2001,Y,1,
150,57,452420,07/11/97,NC,250/500,500,1885.26,0,594286,FEMALE,Associate,sales,skydiving,unmarried,30502,-45476,08/30/14,Single Vehicle Collision,Side Collision,Major Damage,,NC,Arlington,8197 3rd Hwy,0,2,?,1,0,?,9282,1628,1724,5930,Nissan,92x,2004,N,0,
263,24,765501,05/07/05,NY,250/500,1000,1314.57,6000000,598725,FEMALE,High School,protective-serv,board-games,wife,38066,-28583,10/03/15,Parked Car,Side Collision,Minor Damage,Police,IL,Riverwood,3601 3rd Hwy,5,1,YES,2,2,NO,117102,14302,11559,91241,Saab,Civic,1999,Y,1,
263,39,363365,07/22/11,OH,100/300,1000,1817.33,5000000,494400,MALE,PhD,machine-op-inspct,board-games,other-relative,15766,-11259,06/06/14,Single Vehicle Collision,Side Collision,Total Loss,Police,SC,Northbend,2018 4th St,0,3,YES,0,2,YES,85730,6163,18821,60746,Chevrolet,A5,1996,Y,1,
271,52,873483,10/22/10,NY,100/300,2000,1176.49,0,604601,MALE,PhD,priv-house-serv,dancing,husband,10438,-78067,07/01/15,Multi-vehicle Collision,Front Collision,Major Damage,Police,WV,Hillsdale,4175 5th Ridge,18,2,YES,1,3,YES,15664,1547,2858,11259,Mercedes,E400,1996,N,0,Coverage inadequate premium charged.
36,42,385863,07/24/13,SC,100/300,1000,1087.88,4000000,633387,FEMALE,Masters,armed-forces,skydiving,husband,74257,-76512,10/05/14,Vehicle Theft,Front Collision,Minor Damage,Police,WV,Springfield,8333 1st Ave,3,2,NO,0,2,?,60159,4504,13921,41734,Toyota,Highlander,2009,N,0,Excellent service quick settlement. Very satisfied!
185,23,597698,05/19/06,OH,100/300,2000,1827.99,5000000,428228,FEMALE,Associate,priv-house-serv,dancing,other-relative,16228,-69948,11/05/15,Multi-vehicle Collision,Side Collision,Minor Damage,Fire,VA,Springfield,1604 4th St,13,2,NO,2,0,YES,50879,9714,3996,37169,Mercedes,RAM,2008,N,0,
292,34,789718,11/29/03,NC,250/500,2000,1411.78,0,503875,MALE,Masters,tech-support,sleeping,wife,53153,-64860,05/21/14,Multi-vehicle Collision,Front Collision,Minor Damage,Police,IN,Columbus,5538 Maple Drive,1,1,YES,1,3,NO,102670,12037,9686,80947,Honda,95,1995,N,0,
459,20,308577,06/29/96,NY,100/300,2000,1121.74,6000000,400083,FEMALE,PhD,armed-forces,board-games,unmarried,3931,-42700,09/19/15,Vehicle Theft,Rear Collision,Minor Damage,Ambulance,VA,Northbend,8634 Maple Drive,5,2,NO,0,2,YES,75172,12334,17792,45046,Chevrolet,Civic,2015,N,0,
119,66,945800,11/24/94,SC,500/1000,500,976.9,4000000,509544,MALE,High School,machine-op-inspct,dancing,unmarried,51545,-77616,04/23/14,Multi-vehicle Collision,Rear Collision,Minor Damage,Police,IN,Riverwood,2089 3rd Hwy,4,3,NO,0,2,YES,22850,3203,3315,16332,Mercedes,Pathfinder,1999,N,0,
322,54,576807,10/19/09,OH,250/500,2000,1295.55,4000000,581395,FEMALE,MD,machine-op-inspct,dancing,unmarried,65872,-29217,09/17/14,Single Vehicle Collision,?,Major Damage,Police,SC,Hillsdale,2619 2nd Drive,9,1,NO,1,2,NO,6022,710,1075,4237,Ford,Tahoe,2015,N,0,
382,62,612970,05/14/90,SC,100/300,1000,1099.44,4000000,485447,MALE,High School,priv-house-serv,golf,unmarried,57687,-51541,09/26/14,Single Vehicle Collision,Side Collision,Minor Damage,Fire,NC,Columbus,3248 Elm Lane,14,3,YES,2,3,YES,22152,1349,2256,18547,Honda,95,2001,N,0,
462,51,380447,04/22/97,VA,250/500,500,808.89,6000000,442364,FEMALE,Masters,tech-support,skydiving,unmarried,70171,-15261,04/06/14,Multi-vehicle Collision,?,Major Damage,Fire,NC,Northbend,6838 Maple Drive,13,2,YES,0,0,YES,61387,7502,14515,39370,Saab,Camry,1995,N,0,
87,60,741926,03/03/93,SC,250/500,1000,1624.89,0,489389,FEMALE,MD,priv-house-serv,bungie-jumping,other-relative,37474,-40520,01/19/14,Single Vehicle Collision,Front Collision,Major Damage,Police,OH,Springfield,5853 Elm Lane,1,3,YES,1,3,NO,58780,12434,6813,39533,Dodge,Highlander,2001,N,0,Purchased false pretenses.
337,54,289298,12/13/92,WV,250/500,2000,1198.55,5000000,537252,FEMALE,High School,tech-support,bungie-jumping,husband,42978,-47484,04/05/14,Vehicle Theft,Front Collision,Major Damage,,WV,Columbus,4933 3rd Hwy,19,2,YES,2,1,YES,8793,1745,1315,5733,Ford,Camry,1996,N,0,
157,78,346671,03/12/12,IL,250/500,2000,951.92,3000000,583731,MALE,Masters,priv-house-serv,sleeping,wife,31777,-30028,05/22/15,Multi-vehicle Collision,Rear Collision,Minor Damage,Police,IN,Springfield,5535 3rd Hwy,2,1,YES,0,3,YES,48477,9141,4254,35082,Audi,Camry,1998,N,0,
220,38,202026,02/08/94,SC,100/300,2000,809.09,3000000,537063,FEMALE,Associate,tech-support,board-games,unmarried,17740,-20407,02/27/14,Multi-vehicle Collision,Rear Collision,Minor Damage,Fire,VA,Arlington,5944 4th St,2,3,NO,0,3,?,32271,5439,4953,21879,Nissan,Tahoe,1995,N,0,
8,72,905518,03/23/09,NY,250/500,1000,1327.34,5000000,580747,MALE,MD,armed-forces,bungie-jumping,wife,33996,-46711,03/22/15,Single Vehicle Collision,Rear Collision,Total Loss,Police,OH,Riverwood,3060 Maple Drive,11,3,NO,1,0,YES,20798,4357,1742,14699,Accura,92x,2010,N,0,
361,23,316212,05/18/93,SC,250/500,1000,1168.6,4000000,638943,FEMALE,Masters,priv-house-serv,sleeping,husband,10687,-54819,09/11/15,Single Vehicle Collision,Side Collision,Major Damage,Police,IN,Arlington,5316 Maple Drive,4,3,NO,0,3,NO,43256,5730,10606,26920,Honda,RAM,2000,N,0,User-friendly website. Easy purchase.
17,44,577529,08/25/96,IL,250/500,1000,1193.78,0,564339,MALE,Associate,machine-op-inspct,camping,unmarried,40866,-48813,05/01/15,Single Vehicle Collision,Rear Collision,Total Loss,Police,IN,Riverwood,1645 Maple Drive,15,1,YES,0,0,YES,84658,21048,5756,57854,Mercedes,Pathfinder,1999,Y,1,Delighted with professionalism.
187,77,710292,10/04/13,SC,100/300,500,1299.4,3000000,662865,FEMALE,PhD,tech-support,board-games,husband,18456,-8040,05/22/14,Parked Car,Rear Collision,Total Loss,Police,WV,Springfield,7562 Elm Lane,6,2,?,1,1,YES,115765,19777,6670,89318,Dodge,E400,2010,Y,1,
248,64,696024,11/29/02,NC,250/500,1000,1474.06,6000000,555718,MALE,Associate,sales,board-games,husband,49673,-37992,07/09/15,Single Vehicle Collision,Front Collision,Total Loss,Police,IN,Springfield,5308 2nd Drive,0,1,YES,1,1,NO,10013,1222,799,7992,Accura,F150,2011,N,0,
334,50,585561,04/08/11,SC,500/1000,1000,1280.73,5000000,403794,FEMALE,MD,priv-house-serv,reading,wife,71443,-11590,04/13/15,Single Vehicle Collision,Rear Collision,Minor Damage,Police,WV,Springfield,7580 4th St,23,1,YES,1,2,NO,74174,13911,15249,45014,Honda,E400,2006,N,0,
234,57,877614,09/07/93,WV,100/300,1000,1301.94,0,589262,MALE,Associate,machine-op-inspct,reading,unmarried,32117,-43574,06/26/14,Multi-vehicle Collision,Rear Collision,Major Damage,Police,NC,Riverwood,8288 5th Ridge,0,1,NO,1,3,NO,107727,24607,12763,70357,Honda,Pathfinder,1998,N,0,Patient knowledgeable support team.
419,64,356731,12/01/91,OH,100/300,1000,1362.92,3000000,435068,MALE,Masters,armed-forces,reading,wife,32812,-26202,02/23/14,Vehicle Theft,?,Minor Damage,Ambulance,NY,Riverwood,5650 5th Ridge,4,3,YES,2,0,YES,25101,5556,1564,17981,Nissan,92x,2005,N,0,
64,51,384610,11/18/92,OH,100/300,500,1662.25,0,517528,MALE,PhD,machine-op-inspct,bungie-jumping,husband,20824,-75349,08/30/15,Multi-vehicle Collision,Front Collision,Minor Damage,,NC,Columbus,9824 Maple Drive,13,3,NO,0,3,NO,40523,5948,4597,29978,Honda,RAM,1999,N,0,
131,68,578702,08/21/04,OH,100/300,2000,1557.01,0,590243,FEMALE,PhD,protective-serv,camping,wife,40120,-34472,07/23/14,Single Vehicle Collision,Rear Collision,Minor Damage,Police,SC,Hillsdale,2430 2nd Drive,23,1,?,1,1,YES,82034,20084,4142,57808,Chevrolet,Civic,1995,N,0,
129,26,269294,08/04/90,OH,250/500,2000,1319.99,0,573063,MALE,Associate,priv-house-serv,bungie-jumping,unmarried,68699,-50056,08/25/14,Parked Car,?,Total Loss,Fire,NY,Springfield,5863 5th Ridge,4,1,NO,2,0,YES,95366,19390,9136,66840,Accura,F150,1998,N,0,Average service. Nothing special.
190,61,822066,02/22/15,IL,500/1000,2000,868.87,0,485956,FEMALE,High School,machine-op-inspct,golf,wife,64147,-26297,04/11/14,Single Vehicle Collision,Rear Collision,Total Loss,Police,WV,Columbus,2485 4th St,23,1,?,1,1,YES,79886,11504,10337,58045,Audi,E400,2000,N,0,Very dissatisfied with service quality.
2,48,601428,03/08/03,NY,250/500,1000,1568.13,3000000,650173,FEMALE,PhD,machine-op-inspct,bungie-jumping,own-child,32070,-79211,09/05/14,Single Vehicle Collision,Side Collision,Major Damage,,VA,Riverwood,4265 3rd Hwy,14,2,YES,1,3,YES,20886,1927,3338,15621,Mercedes,95,2008,N,0,
215,62,826659,01/10/09,NY,250/500,1000,1996.91,5000000,691472,FEMALE,MD,protective-serv,board-games,other-relative,19553,-73317,02/22/15,Single Vehicle Collision,Side Collision,Minor Damage,,IN,Hillsdale,8192 4th St,3,1,YES,1,2,?,47144,4028,11068,32048,Saab,E400,1995,N,0,
191,31,835787,07/09/08,NC,250/500,2000,1579.05,0,467971,MALE,High School,tech-support,dancing,wife,64233,-70209,08/08/15,Single Vehicle Collision,Side Collision,Minor Damage,,WV,Northbend,9212 Elm Lane,3,2,?,0,2,YES,94383,9259,5239,79885,Chevrolet,A5,2010,N,0,
293,20,687070,09/25/12,NY,250/500,500,1431.19,6000000,496344,FEMALE,Masters,tech-support,dancing,own-child,29022,-69628,06/11/15,Parked Car,Rear Collision,Minor Damage,Police,WV,Riverwood,7633 4th St,10,2,NO,1,3,YES,115823,22689,21327,71807,Ford,Pathfinder,2008,Y,1,
288,68,872480,08/06/91,IN,250/500,500,1396.5,4000000,635932,MALE,Masters,protective-serv,bungie-jumping,wife,71437,-22397,05/30/15,Single Vehicle Collision,Rear Collision,Minor Damage,Ambulance,OH,Columbus,2789 5th Ridge,23,3,NO,1,2,NO,107419,11476,17054,78889,Honda,F150,2012,Y,1,
141,20,385149,10/18/94,IN,100/300,500,1170.68,5000000,430182,FEMALE,High School,machine-op-inspct,skydiving,unmarried,15328,-77897,11/18/14,Parked Car,?,Minor Damage,Other,OH,Arlington,4677 3rd Hwy,3,3,?,1,2,YES,41506,3904,2609,34993,Mercedes,RAM,2005,N,0,
214,63,145143,07/20/00,IL,100/300,1000,1794.36,3000000,631903,FEMALE,MD,protective-serv,dancing,husband,44750,-72820,07/08/15,Single Vehicle Collision,Side Collision,Major Damage,Ambulance,IN,Hillsdale,4593 5th Ridge,9,1,NO,0,1,YES,28125,1421,1978,24726,Saab,95,2000,N,0,
252,37,381283,03/29/12,OH,100/300,1000,1400.21,5000000,461410,MALE,High School,machine-op-inspct,dancing,other-relative,67008,-75177,08/20/14,Single Vehicle Collision,?,Minor Damage,Fire,NY,Arlington,1620 2nd Drive,10,2,NO,1,3,YES,43399,8238,10542,24619,Accura,Highlander,2015,N,0,
417,29,813348,12/16/04,IN,100/300,500,1927.36,6000000,574349,MALE,Masters,protective-serv,reading,husband,47254,-28740,04/12/15,Single Vehicle Collision,Front Collision,Major Damage,Police,IL,Arlington,4611 3rd Hwy,4,1,YES,1,1,YES,77159,8282,4000,64877,Nissan,92x,2011,N,0,
39,47,869060,11/22/02,OH,100/300,1000,1496.91,0,472321,MALE,Associate,exec-managerial,dancing,other-relative,55060,-56321,12/23/14,Multi-vehicle Collision,Front Collision,Minor Damage,Police,NY,Riverwood,6249 2nd Drive,4,1,?,1,1,?,118837,18949,21750,78138,Honda,92x,2008,Y,1,Premiums increased without reason.
308,23,347731,02/12/01,IN,100/300,1000,1220.74,3000000,567072,FEMALE,PhD,armed-forces,board-games,unmarried,36709,-16054,10/03/14,Vehicle Theft,?,Total Loss,Police,IN,Springfield,3104 5th Ridge,0,3,YES,2,3,?,11780,2771,2479,6530,Mercedes,RAM,2011,Y,1,
41,63,697060,05/17/90,VA,100/300,500,1715.08,5000000,452736,FEMALE,MD,machine-op-inspct,bungie-jumping,husband,73333,-24619,02/01/14,Single Vehicle Collision,Front Collision,Major Damage,Fire,NC,Hillsdale,7023 Elm Lane,9,2,NO,1,3,YES,63611,7826,11211,44574,Nissan,Civic,2003,N,0,
133,24,195505,01/07/91,IL,100/300,2000,1652.19,6000000,472321,MALE,Masters,machine-op-inspct,skydiving,wife,55942,-5447,01/25/15,Single Vehicle Collision,Front Collision,Total Loss,,NC,Columbus,1719 Maple Drive,8,3,?,1,3,NO,34107,1910,6444,25753,Honda,92x,2015,N,0,
222,64,659445,01/28/07,IN,100/300,500,1243.32,4000000,524192,MALE,Masters,protective-serv,dancing,wife,14843,-47000,12/06/14,Single Vehicle Collision,Side Collision,Total Loss,Other,OH,Springfield,6753 3rd Hwy,22,1,NO,1,2,YES,97425,17893,15388,64144,Nissan,E400,2005,N,0,
405,66,367155,05/04/99,OH,250/500,1000,1107.68,5000000,597475,FEMALE,MD,armed-forces,skydiving,unmarried,3284,-43184,01/06/15,Multi-vehicle Collision,Side Collision,Total Loss,Police,WV,Northbend,5536 Elm Lane,9,1,NO,1,2,YES,27174,4461,5221,17492,Dodge,A5,2015,N,0,
169,44,480924,05/04/04,OH,100/300,1000,1641.94,4000000,482414,FEMALE,Masters,armed-forces,golf,husband,40539,-43726,02/01/15,Multi-vehicle Collision,?,Major Damage,Police,NC,Riverwood,9145 5th Ridge,8,3,YES,1,1,NO,109191,15652,8774,84765,Ford,F150,2009,Y,1,
250,76,209550,10/18/05,SC,100/300,1000,1789.14,5000000,680255,FEMALE,Associate,priv-house-serv,camping,husband,14636,-43078,05/13/14,Parked Car,Front Collision,Major Damage,Police,NY,Springfield,4718 Elm Lane,14,2,YES,0,1,YES,102240,16134,11652,74454,Audi,92x,2015,Y,1,
289,70,295795,09/09/94,VA,500/1000,1000,1652.62,4000000,559043,FEMALE,Associate,machine-op-inspct,skydiving,other-relative,995,-16978,06/27/15,Single Vehicle Collision,Rear Collision,Major Damage,Police,NY,Northbend,8078 4th St,11,3,NO,1,1,YES,99809,23410,11536,64863,Saab,F150,2003,Y,1,
379,35,436068,06/17/95,NC,100/300,2000,1950.19,6000000,687229,FEMALE,High School,priv-house-serv,bungie-jumping,wife,25551,-53440,06/28/15,Single Vehicle Collision,Rear Collision,Total Loss,Police,OH,Springfield,2658 Maple Drive,14,3,NO,2,3,YES,25366,4526,3051,17789,Nissan,E400,1996,N,0,
198,75,316939,08/16/95,WV,500/1000,500,1247.85,5000000,590845,FEMALE,Masters,exec-managerial,board-games,wife,23621,-57878,02/22/15,Multi-vehicle Collision,Front Collision,Major Damage,Police,WV,Columbus,8167 4th St,17,2,NO,1,2,YES,66899,6337,10111,50451,Audi,F150,1998,N,0,
283,24,536369,07/30/06,NY,100/300,2000,1673.54,0,681922,FEMALE,Associate,sales,camping,unmarried,77049,-59071,05/24/15,Single Vehicle Collision,Rear Collision,Major Damage,,WV,Hillsdale,7385 4th St,2,1,NO,2,2,YES,80969,15771,6155,59043,Audi,Tahoe,2012,N,0,
419,73,885960,09/15/06,NC,250/500,2000,1629.95,4000000,404473,FEMALE,MD,tech-support,bungie-jumping,unmarried,74235,-17661,05/12/14,Vehicle Theft,Front Collision,Minor Damage,Police,SC,Northbend,9323 Elm Lane,5,3,NO,1,1,YES,29601,1774,6057,21770,Audi,RAM,2011,N,0,
219,61,930588,03/02/02,IL,100/300,1000,828.7,6000000,527475,FEMALE,MD,exec-managerial,bungie-jumping,own-child,34578,-37133,10/08/14,Single Vehicle Collision,Rear Collision,Major Damage,Police,IL,Northbend,5573 1st Ave,6,2,YES,0,2,?,14878,2076,2549,10253,Chevrolet,A3,2010,N,0,Premium fair for coverage.
469,38,928163,12/31/98,OH,500/1000,1000,1703.63,5000000,571579,MALE,High School,sales,reading,wife,38906,-52523,07/25/15,Single Vehicle Collision,Side Collision,Minor Damage,Police,SC,Columbus,6404 5th Ridge,21,2,YES,1,1,YES,60538,12151,9710,38677,Accura,A3,2003,N,0,
198,50,887404,05/14/07,IL,250/500,500,896.88,0,532903,FEMALE,Associate,priv-house-serv,sleeping,husband,51180,-62682,11/14/15,Multi-vehicle Collision,Side Collision,Minor Damage,Police,SC,Hillsdale,8431 5th Ridge,4,3,YES,1,1,YES,77201,4491,11195,61515,Audi,E400,2008,Y,1,
217,32,747687,01/08/97,VA,500/1000,2000,923.35,6000000,407145,MALE,High School,machine-op-inspct,sleeping,husband,41639,-22351,03/15/14,Parked Car,Front Collision,Major Damage,Fire,IN,Columbus,5555 2nd Drive,21,2,NO,2,3,YES,79586,4638,12285,62663,Nissan,Tahoe,2011,N,0,
12,55,777018,06/01/03,WV,100/300,1000,1195.76,5000000,428342,MALE,High School,exec-managerial,dancing,husband,75766,-42199,10/13/14,Multi-vehicle Collision,Front Collision,Total Loss,Police,IL,Hillsdale,7068 5th Ridge,4,3,YES,2,0,YES,55497,8175,2878,44444,Mercedes,A3,1998,Y,1,
267,22,100569,08/03/13,NC,100/300,500,1643.15,4000000,602871,MALE,Masters,exec-managerial,skydiving,wife,28142,-53730,11/10/15,Multi-vehicle Collision,Front Collision,Minor Damage,Police,VA,Columbus,3287 Maple Drive,19,1,YES,2,2,NO,78124,8515,7111,62498,Saab,A5,2015,N,0,
235,49,188106,06/13/90,NY,250/500,1000,1395.04,0,592007,MALE,PhD,machine-op-inspct,camping,unmarried,71406,-27840,04/15/14,Single Vehicle Collision,Front Collision,Total Loss,Police,IL,Northbend,4937 Elm Lane,3,1,YES,2,3,?,50349,4246,9387,36716,Chevrolet,95,2015,N,0,
208,61,464329,05/02/10,SC,250/500,1000,1459.38,0,402847,FEMALE,MD,sales,golf,unmarried,27694,-76510,12/22/14,Single Vehicle Collision,?,Minor Damage,,OH,Columbus,7514 3rd Hwy,20,2,?,1,1,YES,63416,10262,12309,40845,Saab,RAM,2000,N,0,
312,68,505243,10/06/15,IL,250/500,500,1491.17,6000000,620402,MALE,Associate,protective-serv,sleeping,other-relative,48254,-12977,12/29/15,Multi-vehicle Collision,Rear Collision,Minor Damage,Police,IL,Springfield,3900 Maple Drive,6,3,NO,0,3,YES,14318,2911,2877,8530,Nissan,Tahoe,2008,N,0,
274,20,379337,04/09/12,IL,500/1000,2000,1355.57,5000000,568470,MALE,High School,tech-support,sleeping,wife,52964,-4132,05/24/15,Multi-vehicle Collision,?,Minor Damage,,WV,Hillsdale,6085 Elm Lane,20,1,YES,1,0,YES,101585,6824,12377,82384,Ford,Highlander,1998,N,0,
473,54,397641,04/04/07,IL,250/500,500,1429.48,0,469540,MALE,Masters,tech-support,board-games,own-child,10362,-9979,07/15/15,Single Vehicle Collision,Rear Collision,Total Loss,Police,OH,Riverwood,6333 2nd Drive,15,1,?,0,1,YES,37315,7936,5103,24276,Chevrolet,Civic,1999,N,0,
203,69,449115,08/19/09,OH,100/300,1000,1497.19,0,476663,MALE,Masters,armed-forces,sleeping,husband,46693,-46883,10/15/15,Multi-vehicle Collision,Side Collision,Major Damage,Police,WV,Columbus,8179 4th St,19,1,NO,2,3,NO,5471,1148,805,3518,Nissan,A3,2012,N,0,
218,67,980114,09/10/90,OH,250/500,2000,1318.32,0,507963,MALE,Associate,protective-serv,board-games,husband,55543,-33080,02/27/15,Multi-vehicle Collision,Front Collision,Major Damage,Police,IN,Riverwood,7358 Maple Drive,16,3,YES,2,0,YES,43885,3928,10801,29156,Dodge,F150,2010,N,0,
406,75,450163,01/31/96,VA,250/500,1000,1398.96,5000000,431070,FEMALE,MD,exec-managerial,bungie-jumping,other-relative,56852,-31869,04/17/15,Multi-vehicle Collision,Front Collision,Major Damage,,SC,Arlington,3843 Elm Lane,11,1,?,2,3,NO,37892,7715,8312,21865,Toyota,E400,2006,N,0,
243,58,923297,07/25/98,SC,500/1000,2000,1375.61,3000000,669253,FEMALE,High School,armed-forces,camping,husband,58228,-880,03/21/15,Multi-vehicle Collision,Side Collision,Major Damage,,WV,Riverwood,3386 4th St,22,1,YES,0,0,NO,54455,7514,7446,39495,Accura,Tahoe,2015,N,0,
125,39,212756,11/04/92,SC,500/1000,500,1640.85,5000000,570112,FEMALE,Masters,tech-support,golf,own-child,50393,-75537,07/17/15,Multi-vehicle Collision,Side Collision,Minor Damage,Ambulance,OH,Riverwood,2843 3rd Hwy,12,3,NO,2,2,YES,61814,15291,4755,41768,Nissan,Civic,2015,N,0,Premium increased significantly without proper justification or explanation.
260,60,922481,04/20/95,IN,100/300,500,1480.01,6000000,518110,FEMALE,High School,priv-house-serv,sleeping,other-relative,8287,-12028,08/16/14,Parked Car,Front Collision,Minor Damage,Police,OH,Columbus,5975 Maple Drive,17,1,NO,1,1,NO,17672,3703,4145,9824,Ford,Highlander,1997,N,0,
253,32,677699,04/15/05,NC,250/500,2000,831.33,4000000,550480,MALE,Masters,sales,sleeping,other-relative,52365,-56256,01/29/15,Multi-vehicle Collision,Side Collision,Minor Damage,Police,WV,Arlington,6400 Elm Lane,5,1,YES,1,1,NO,51465,9205,8902,33358,Accura,RSX,2002,N,0,
204,63,854545,08/29/03,IN,250/500,2000,1499.96,0,514131,FEMALE,MD,exec-managerial,board-games,other-relative,43573,-13468,03/08/15,Multi-vehicle Collision,Rear Collision,Minor Damage,,OH,Hillsdale,6256 1st Ave,12,2,?,2,0,NO,18039,4097,1130,12812,Mercedes,Camry,2015,N,0,
265,32,369549,11/09/00,VA,100/300,500,1660.15,6000000,659420,FEMALE,Masters,exec-managerial,golf,other-relative,69689,-58335,03/14/14,Multi-vehicle Collision,Side Collision,Minor Damage,,VA,Arlington,1082 1st Ave,20,1,YES,2,3,YES,6847,1349,897,4601,Mercedes,Highlander,2009,N,0,
289,53,774365,07/26/03,OH,250/500,2000,1203.05,4000000,528343,FEMALE,Masters,tech-support,reading,own-child,46465,-46303,10/04/15,Multi-vehicle Collision,Rear Collision,Minor Damage,,SC,Springfield,1872 1st Ave,7,1,NO,2,2,YES,102540,6697,8609,87234,Chevrolet,E400,1997,N,0,
485,44,764694,05/16/14,NC,500/1000,500,941.39,0,476114,FEMALE,PhD,sales,board-games,husband,55279,-38304,07/04/14,Vehicle Theft,?,Major Damage,Police,IL,Riverwood,5018 1st Ave,1,2,NO,2,2,YES,119163,12203,29652,77308,Audi,Civic,1995,Y,1,
36,40,739683,05/29/99,IN,250/500,500,1234.1,0,587499,FEMALE,Associate,exec-managerial,golf,husband,72476,-62142,06/15/14,Single Vehicle Collision,Side Collision,Minor Damage,Police,VA,Columbus,9804 Maple Drive,5,3,?,1,2,YES,43617,3142,2469,38006,Honda,E400,2007,N,0,
456,71,675775,07/26/96,NY,500/1000,1000,1447.39,0,598580,FEMALE,Masters,sales,golf,own-child,30595,-46848,07/09/15,Parked Car,Front Collision,Minor Damage,Other,IL,Hillsdale,3898 3rd Hwy,3,1,YES,2,0,YES,103734,18969,14581,70184,Honda,A5,2004,N,0,
244,42,574243,03/27/08,IL,500/1000,2000,1690.36,5000000,690433,MALE,High School,armed-forces,camping,own-child,20860,-76653,04/29/14,Single Vehicle Collision,Rear Collision,Major Damage,Police,SC,Springfield,4223 4th St,22,1,?,2,2,YES,36477,2730,8134,25613,Honda,Pathfinder,2007,N,0,
190,57,902410,06/19/91,VA,100/300,2000,1754.21,5000000,591262,FEMALE,Masters,tech-support,skydiving,unmarried,49368,-35318,10/18/15,Multi-vehicle Collision,Rear Collision,Minor Damage,,IL,Arlington,9343 Elm Lane,8,3,YES,2,1,YES,109268,7244,27026,74998,Nissan,RAM,1998,Y,1,
305,19,624049,05/17/12,IN,100/300,2000,877.14,6000000,656582,FEMALE,PhD,armed-forces,skydiving,own-child,68425,-8108,07/24/15,Single Vehicle Collision,Front Collision,Total Loss,Police,IN,Hillsdale,7591 5th Ridge,9,1,NO,1,0,NO,60118,8646,12918,38554,Ford,A3,2001,N,0,
58,61,704766,07/17/04,SC,250/500,2000,1007.41,4000000,665972,MALE,PhD,tech-support,dancing,unmarried,37156,-1164,03/05/15,Single Vehicle Collision,Front Collision,Minor Damage,Police,NY,Hillsdale,8240 4th St,22,3,?,2,0,NO,41632,5400,9611,26621,Toyota,E400,1997,N,0,
372,20,532234,05/16/97,SC,100/300,2000,1158.48,0,492168,FEMALE,PhD,sales,sleeping,husband,42010,-38500,05/13/15,Multi-vehicle Collision,Rear Collision,Minor Damage,Ambulance,SC,Arlington,5811 Elm Lane,12,3,YES,0,3,YES,94460,6061,15261,73138,Chevrolet,Civic,2006,Y,1,
48,53,189158,04/29/95,IL,250/500,1000,974.77,0,521771,MALE,MD,exec-managerial,board-games,husband,1124,-13462,05/01/15,Multi-vehicle Collision,Side Collision,Minor Damage,Police,OH,Northbend,7353 Elm Lane,7,2,NO,0,2,YES,59582,12504,6202,40876,Audi,Civic,2014,N,0,
215,46,555342,07/15/92,VA,500/1000,2000,1171.15,4000000,443920,MALE,Masters,protective-serv,dancing,other-relative,75562,-46737,06/01/14,Single Vehicle Collision,Front Collision,Minor Damage,Fire,SC,Hillsdale,8055 Maple Drive,11,2,NO,2,2,YES,81408,14020,7246,60142,Honda,92x,1995,N,0,
101,67,864611,10/06/94,IL,100/300,1000,1371.26,4000000,541728,MALE,Associate,machine-op-inspct,bungie-jumping,own-child,4562,-13440,08/13/14,Single Vehicle Collision,Front Collision,Minor Damage,Police,IN,Riverwood,1439 3rd Hwy,8,3,YES,2,2,YES,63011,3235,9871,49905,Ford,Civic,1997,N,0,
152,67,244941,12/09/15,VA,500/1000,1000,1768.44,3000000,612147,FEMALE,MD,priv-house-serv,bungie-jumping,husband,59753,-30595,05/08/15,Vehicle Theft,Rear Collision,Major Damage,Police,IL,Columbus,3334 3rd Hwy,0,1,YES,0,3,YES,116444,9136,10465,96843,Ford,95,2008,Y,1,Claim was rejected on technical grounds. Very disappointed with service.
235,50,873296,05/13/92,VA,100/300,500,929.81,5000000,666841,FEMALE,MD,priv-house-serv,sleeping,unmarried,35720,-13710,08/05/14,Vehicle Theft,Side Collision,Total Loss,Fire,SC,Riverwood,1738 4th St,3,3,NO,0,0,?,42101,10057,3711,28333,Mercedes,Pathfinder,2013,Y,1,
3,61,318905,10/28/11,OH,250/500,1000,953.95,0,432320,MALE,Masters,sales,golf,own-child,48689,-24061,06/10/15,Single Vehicle Collision,?,Minor Damage,Police,NC,Columbus,7993 Maple Drive,2,3,NO,0,3,YES,19109,4589,4502,10018,Mercedes,95,2011,N,0,
444,24,221494,10/12/98,OH,250/500,1000,1782.3,4000000,524916,MALE,PhD,tech-support,board-games,wife,34999,-53247,05/04/14,Multi-vehicle Collision,?,Total Loss,Police,OH,Northbend,9441 Elm Lane,21,3,YES,0,0,YES,95315,12546,22037,60732,Chevrolet,E400,2011,Y,1,
378,41,310753,07/08/97,OH,500/1000,2000,814.1,5000000,568261,FEMALE,Masters,exec-managerial,skydiving,own-child,10758,-43373,07/25/14,Multi-vehicle Collision,Side Collision,Minor Damage,Ambulance,SC,Riverwood,6982 Maple Drive,4,2,YES,0,0,YES,28934,4442,7225,17267,Honda,RAM,2011,N,0,Highly satisfied. Recommend friends.
479,54,963340,01/13/06,NC,250/500,500,1293.6,0,636136,MALE,Masters,protective-serv,board-games,husband,20434,-57707,03/11/15,Single Vehicle Collision,Side Collision,Major Damage,Police,IN,Columbus,3801 Maple Drive,17,3,NO,2,1,YES,44264,5908,10892,27464,Accura,E400,2009,N,0,
39,47,406837,08/20/05,SC,100/300,2000,937.7,6000000,653624,FEMALE,High School,protective-serv,reading,wife,17677,-29297,08/12/14,Vehicle Theft,Front Collision,Major Damage,Police,OH,Arlington,1076 4th St,11,3,NO,1,2,YES,16818,1598,1880,13340,Chevrolet,RSX,2005,N,0,
88,37,888838,10/07/07,WV,250/500,1000,1667.08,5000000,668374,FEMALE,MD,tech-support,bungie-jumping,other-relative,59006,-67513,09/07/14,Single Vehicle Collision,Side Collision,Minor Damage,,VA,Northbend,8105 4th St,1,1,?,2,1,NO,58160,14107,4562,39491,Honda,Tahoe,2008,N,0,Misleading information sales rep.
245,69,520012,01/10/92,OH,500/1000,2000,1572.32,0,684848,MALE,High School,exec-managerial,golf,unmarried,35669,-37090,04/20/14,Single Vehicle Collision,Front Collision,Minor Damage,Police,VA,Hillsdale,6149 3rd Hwy,23,1,NO,1,0,YES,80747,10791,19551,50405,Mercedes,92x,1999,N,0,Premium increase not explained or justified.
427,27,502792,05/18/97,NY,250/500,1000,1198.89,0,616624,FEMALE,Masters,tech-support,board-games,wife,79323,-43334,03/22/15,Multi-vehicle Collision,Side Collision,Major Damage,,SC,Riverwood,2212 4th St,1,3,YES,1,0,YES,117865,16592,6878,94395,Chevrolet,Pathfinder,2012,Y,1,
152,66,498972,12/06/14,OH,100/300,500,1179.6,0,579261,MALE,Associate,machine-op-inspct,golf,wife,58879,-44850,02/12/15,Parked Car,Side Collision,Minor Damage,Police,SC,Hillsdale,3801 5th Ridge,12,3,NO,2,2,YES,9955,1368,2269,6318,Nissan,RAM,2007,N,0,
150,31,379042,10/11/12,IL,500/1000,2000,1523.48,4000000,676183,MALE,Masters,sales,skydiving,husband,59634,-56217,09/29/14,Vehicle Theft,Side Collision,Major Damage,Police,VA,Riverwood,9566 1st Ave,10,3,NO,0,2,YES,63022,13205,8042,41775,Accura,92x,1999,N,0,
420,55,924825,09/05/97,WV,250/500,2000,1337.48,6000000,489002,MALE,MD,armed-forces,skydiving,unmarried,50210,-29486,04/19/15,Single Vehicle Collision,Front Collision,Major Damage,Police,WV,Columbus,9150 5th Ridge,22,1,YES,1,1,YES,65546,7570,6924,51052,Ford,Pathfinder,1995,N,0,
1,51,693561,03/25/14,OH,100/300,2000,1480.85,6000000,511863,FEMALE,Masters,sales,board-games,other-relative,9963,-66662,01/09/14,Multi-vehicle Collision,Rear Collision,Minor Damage,Police,SC,Riverwood,7488 2nd Drive,8,3,YES,0,3,YES,12375,1614,2881,7880,Toyota,RAM,2005,N,0,
475,70,247642,02/09/97,IL,100/300,2000,1808.09,0,549034,FEMALE,Associate,protective-serv,reading,unmarried,42027,-53210,02/11/15,Multi-vehicle Collision,Front Collision,Major Damage,Ambulance,NC,Springfield,1576 5th Ridge,2,1,YES,1,0,YES,46258,9000,4171,33087,Toyota,RSX,1999,N,0,
95,44,948251,04/14/95,NC,250/500,1000,1664.29,6000000,411172,FEMALE,High School,tech-support,camping,unmarried,79096,-22020,03/24/15,Multi-vehicle Collision,Rear Collision,Minor Damage,Fire,WV,Hillsdale,5394 Maple Drive,6,2,NO,2,1,YES,87896,19270,15309,53317,Chevrolet,F150,2012,N,0,
160,78,489500,08/06/95,IN,250/500,500,888.27,5000000,606355,FEMALE,PhD,tech-support,reading,wife,24692,-13875,07/22/14,Parked Car,Side Collision,Major Damage,Police,NC,Arlington,8397 5th Ridge,1,2,NO,0,1,YES,20809,2603,4392,13814,Mercedes,95,2002,N,0,Documentation requirements excessive and unclear.
162,24,119483,11/22/92,OH,250/500,1000,1171.46,6000000,526417,MALE,MD,priv-house-serv,bungie-jumping,own-child,4860,-46631,11/01/14,Parked Car,Rear Collision,Total Loss,Other,VA,Columbus,1926 2nd Drive,0,2,NO,0,1,YES,8909,1348,1924,5637,Honda,Camry,2009,N,0,
448,56,325343,01/18/96,NY,100/300,500,1314.38,0,507254,MALE,Masters,armed-forces,skydiving,own-child,12305,-40270,12/25/14,Single Vehicle Collision,Rear Collision,Major Damage,Police,WV,Springfield,8607 Elm Lane,1,1,YES,2,2,NO,49185,9982,9832,29371,Ford,E400,2015,N,0,
410,28,977562,05/09/94,SC,250/500,1000,1048.76,0,629187,MALE,High School,sales,board-games,other-relative,18424,-364,07/14/15,Single Vehicle Collision,Front Collision,Total Loss,,WV,Springfield,3027 Maple Drive,22,3,YES,1,1,?,61536,4705,13457,43374,Saab,Highlander,2002,Y,1,
169,78,972401,05/22/13,SC,500/1000,1000,839.22,0,657091,FEMALE,Masters,protective-serv,golf,other-relative,48442,-30597,08/30/14,Parked Car,Side Collision,Major Damage,Police,NY,Springfield,1517 5th Ridge,7,3,YES,2,1,?,11392,2488,739,8165,Honda,F150,2006,N,0,
171,64,360258,04/12/11,NY,250/500,500,1972.22,4000000,457137,FEMALE,High School,protective-serv,golf,unmarried,77722,-2451,07/20/15,Single Vehicle Collision,Side Collision,Major Damage,Other,VA,Arlington,5178 3rd Hwy,18,3,YES,1,1,YES,110738,12258,10676,87804,Saab,A5,1998,Y,1,
406,22,555281,10/22/96,WV,500/1000,500,1862.1,0,453182,MALE,PhD,tech-support,sleeping,husband,31269,-71149,09/03/14,Single Vehicle Collision,Rear Collision,Minor Damage,,OH,Hillsdale,1407 1st Ave,22,3,YES,0,3,YES,19875,4275,2085,13515,Nissan,Pathfinder,2001,N,0,
142,68,589487,08/03/96,IL,250/500,2000,879.63,6000000,513165,MALE,Masters,protective-serv,board-games,husband,8721,-8870,07/23/14,Single Vehicle Collision,Side Collision,Total Loss,Police,NY,Hillsdale,2275 2nd Drive,10,2,YES,1,3,YES,49895,7306,6235,36354,Nissan,Pathfinder,2006,N,0,
399,66,637815,03/06/01,IN,100/300,2000,968.83,0,614899,FEMALE,MD,machine-op-inspct,board-games,wife,58528,-44554,11/19/14,Multi-vehicle Collision,Rear Collision,Minor Damage,,NY,Springfield,3962 Elm Lane,5,2,NO,2,0,YES,19911,1355,2952,15604,Mercedes,Tahoe,2003,N,0,
408,33,682539,06/13/10,WV,250/500,500,1770.44,0,449678,MALE,MD,sales,camping,other-relative,5840,-35774,04/28/14,Parked Car,Rear Collision,Minor Damage,,NC,Springfield,1434 Elm Lane,14,2,NO,1,0,?,66447,5552,14447,46448,Toyota,Civic,2003,N,0,
327,23,964923,03/30/03,IN,500/1000,500,1462.25,0,606454,MALE,PhD,sales,reading,unmarried,77147,-73912,10/28/14,Multi-vehicle Collision,Side Collision,Major Damage,,OH,Riverwood,3922 1st Ave,6,2,NO,1,3,YES,16494,1250,3872,11372,Dodge,92x,1998,N,0,
371,24,347508,02/25/95,OH,500/1000,2000,991.87,5000000,681584,FEMALE,Associate,sales,camping,unmarried,56221,-23175,06/18/14,Multi-vehicle Collision,Front Collision,Minor Damage,,NY,Hillsdale,6518 2nd Drive,2,3,YES,1,3,?,107104,9325,8714,89065,Dodge,RAM,1996,Y,1,
115,31,719395,03/13/10,WV,250/500,1000,1909.61,4000000,661381,MALE,Associate,machine-op-inspct,dancing,wife,74222,-70997,08/30/14,Vehicle Theft,Side Collision,Major Damage,Other,NC,Springfield,1261 3rd Hwy,8,3,NO,0,2,?,62457,14495,12982,34980,Chevrolet,Tahoe,2015,Y,1,
281,24,311466,02/20/92,NY,500/1000,1000,1496.91,3000000,538834,FEMALE,Associate,tech-support,dancing,unmarried,62025,-18648,06/29/15,Single Vehicle Collision,Side Collision,Total Loss,Police,NC,Riverwood,1648 3rd Hwy,23,2,YES,0,1,YES,45384,3261,6906,35217,Toyota,Camry,2006,N,0,
69,39,560920,02/19/15,WV,100/300,1000,814.72,0,666704,MALE,High School,machine-op-inspct,bungie-jumping,other-relative,28135,-65460,10/31/14,Single Vehicle Collision,?,Major Damage,Police,VA,Hillsdale,4769 Maple Drive,6,1,NO,1,1,YES,59786,10693,13692,35401,Chevrolet,95,1998,N,0,
29,55,632840,06/18/00,SC,100/300,2000,1089.74,0,648242,MALE,Masters,machine-op-inspct,skydiving,wife,27740,-13630,07/26/15,Multi-vehicle Collision,Rear Collision,Minor Damage,Police,NC,Hillsdale,4907 Maple Drive,15,3,?,1,1,YES,60656,9333,8665,42658,Ford,Pathfinder,2002,N,0,
212,25,428475,06/26/13,WV,250/500,1000,909.9,0,495298,FEMALE,High School,tech-support,dancing,wife,47038,-16436,03/02/14,Single Vehicle Collision,Front Collision,Total Loss,,SC,Riverwood,7348 Elm Lane,19,1,YES,1,3,YES,90300,17610,20721,51969,Accura,Highlander,2006,Y,1,
147,52,485493,02/07/07,NC,100/300,500,1082.93,0,402403,FEMALE,PhD,armed-forces,board-games,wife,77479,-32333,04/18/14,Single Vehicle Collision,?,Minor Damage,,IL,Springfield,3726 2nd Drive,22,1,NO,2,0,NO,26188,4033,4532,17623,Saab,A5,1998,N,0,
76,62,796996,07/24/03,WV,250/500,1000,1467.07,5000000,482270,FEMALE,MD,priv-house-serv,golf,wife,43147,-69756,06/10/14,Single Vehicle Collision,Front Collision,Major Damage,Police,IL,Columbus,8650 4th St,4,1,NO,1,2,YES,50556,11388,11544,27624,Honda,Highlander,2008,N,0,
263,28,686033,01/23/91,VA,100/300,2000,1927.56,5000000,523617,MALE,Masters,protective-serv,camping,husband,9317,-59709,09/11/14,Single Vehicle Collision,Rear Collision,Major Damage,Other,SC,Springfield,2972 Elm Lane,10,1,NO,1,1,?,110540,7638,22026,80876,Saab,Highlander,2012,Y,1,
436,39,468091,04/01/08,OH,250/500,500,1331.69,5000000,423760,FEMALE,High School,exec-managerial,board-games,own-child,32854,-36892,12/31/15,Parked Car,Rear Collision,Minor Damage,Other,WV,Springfield,1390 Maple Drive,22,3,NO,2,1,NO,43884,8687,8902,26295,Dodge,Tahoe,1996,N,0,
125,72,381359,09/27/91,IN,100/300,500,1305.08,0,552870,MALE,Masters,priv-house-serv,sleeping,own-child,29651,-32685,11/27/15,Parked Car,Rear Collision,Total Loss,Police,WV,Northbend,3067 Elm Lane,14,1,?,0,2,NO,3802,279,594,2929,Nissan,92x,2011,N,0,Fantastic settlement. Full amount received!
90,28,781262,06/18/96,NC,100/300,2000,1787.91,0,489532,MALE,PhD,armed-forces,golf,other-relative,74791,-23214,04/06/15,Vehicle Theft,Rear Collision,Total Loss,Police,SC,Springfield,9805 Maple Drive,11,1,NO,0,2,NO,49082,5497,8549,35036,Ford,Tahoe,2008,N,0,
434,18,438303,12/29/01,IL,500/1000,2000,804.62,0,466925,FEMALE,Associate,exec-managerial,reading,husband,69686,-61422,07/12/15,Single Vehicle Collision,Rear Collision,Major Damage,,OH,Springfield,4224 Maple Drive,1,1,YES,2,0,?,8283,1283,1914,5086,Mercedes,F150,2002,N,0,
16,31,280477,04/03/04,OH,100/300,1000,1254.72,4000000,538291,MALE,MD,armed-forces,bungie-jumping,wife,21242,-51580,12/09/14,Single Vehicle Collision,Front Collision,Minor Damage,Police,WV,Arlington,8170 3rd Hwy,3,2,YES,1,1,NO,109520,15632,18801,75087,Accura,RAM,1996,Y,1,
294,50,184380,04/23/12,IN,500/1000,2000,1838.48,0,655306,FEMALE,MD,tech-support,sleeping,wife,41696,-51964,02/01/15,Single Vehicle Collision,Rear Collision,Major Damage,Police,NC,Arlington,4054 1st Ave,11,2,YES,0,3,YES,70613,4466,5075,61072,Ford,A5,2012,N,0,
280,19,121334,12/08/94,SC,100/300,2000,1271.8,0,493597,MALE,MD,exec-managerial,board-games,other-relative,30673,-11084,01/18/14,Multi-vehicle Collision,Front Collision,Major Damage,Other,IL,Northbend,4386 Maple Drive,17,3,NO,1,3,?,56357,10802,12161,33394,Nissan,A3,2003,N,0,
234,62,467514,09/01/05,NY,250/500,1000,1534.73,0,436794,FEMALE,PhD,priv-house-serv,dancing,wife,30474,-47539,06/21/15,Multi-vehicle Collision,Front Collision,Minor Damage,Ambulance,IN,Springfield,2446 Elm Lane,2,2,YES,2,3,YES,42660,4999,4349,33312,Mercedes,95,2015,N,0,
214,77,383391,01/09/93,SC,100/300,2000,1713.69,0,408155,MALE,Masters,exec-managerial,skydiving,unmarried,14560,-47132,05/05/14,Multi-vehicle Collision,Front Collision,Minor Damage,Police,IL,Arlington,9171 3rd Hwy,5,1,NO,1,0,YES,67041,8359,10353,48329,Saab,Camry,2005,N,0,Quick response excellent communication.
14,45,990691,01/22/01,VA,250/500,1000,1252.86,5000000,539089,MALE,PhD,sales,golf,husband,18165,-45164,06/10/15,Single Vehicle Collision,Rear Collision,Major Damage,Police,NC,Arlington,5898 5th Ridge,5,3,NO,2,3,YES,49276,4263,4740,40273,Honda,92x,2015,N,0,
429,76,746899,01/02/92,IL,500/1000,1000,1766.24,5000000,504047,FEMALE,Masters,sales,reading,wife,65029,-46086,01/31/14,Single Vehicle Collision,Front Collision,Major Damage,Police,SC,Northbend,3234 Elm Lane,15,1,?,0,3,YES,62038,12555,4944,44539,Nissan,A3,2011,N,0,
34,37,705390,03/21/13,WV,100/300,500,1813.46,6000000,511149,MALE,Associate,priv-house-serv,board-games,husband,16046,-26361,03/02/14,Single Vehicle Collision,Front Collision,Minor Damage,Other,SC,Springfield,6342 2nd Drive,22,1,YES,0,3,YES,71270,5424,16860,48986,Ford,Tahoe,2004,N,0,
81,33,994069,10/01/10,NY,100/300,1000,1038.32,3000000,669620,MALE,Associate,sales,camping,other-relative,32614,-32913,07/28/14,Vehicle Theft,Front Collision,Minor Damage,Police,WV,Springfield,1731 5th Ridge,15,1,YES,2,1,NO,100078,10275,18064,71739,Ford,Pathfinder,2008,Y,1,
440,66,159831,07/14/93,IN,100/300,2000,804.96,6000000,609667,FEMALE,Masters,armed-forces,skydiving,wife,1886,-35164,12/31/15,Multi-vehicle Collision,Rear Collision,Minor Damage,Police,VA,Riverwood,5277 5th Ridge,4,3,NO,0,3,YES,113335,10865,12664,89806,Audi,RAM,1997,Y,1,
180,61,284090,12/29/97,IN,250/500,500,922.54,4000000,522023,MALE,Masters,protective-serv,board-games,other-relative,23494,-78394,04/15/15,Vehicle Theft,Rear Collision,Total Loss,,VA,Columbus,6480 1st Ave,1,3,YES,0,1,?,109824,25384,20931,63509,Accura,Civic,2009,Y,1,
230,21,597925,12/21/01,SC,100/300,2000,1534.12,5000000,551239,FEMALE,Associate,machine-op-inspct,skydiving,husband,5512,-56858,03/05/14,Single Vehicle Collision,Rear Collision,Major Damage,Police,WV,Columbus,9175 3rd Hwy,21,1,NO,0,1,NO,8718,1983,665,6070,Honda,A3,2003,N,0,
320,20,832053,04/11/14,VA,100/300,1000,1304.43,3000000,613170,FEMALE,MD,tech-support,board-games,husband,64052,-70169,02/12/15,Multi-vehicle Collision,Rear Collision,Minor Damage,,NC,Hillsdale,1268 5th Ridge,22,2,YES,0,2,?,31052,6836,7698,16518,Saab,A5,2004,N,0,
282,19,377831,08/19/92,WV,250/500,1000,1454.96,0,645126,FEMALE,High School,machine-op-inspct,camping,own-child,70570,-74978,07/23/14,Multi-vehicle Collision,Front Collision,Minor Damage,Fire,NY,Hillsdale,5292 5th Ridge,3,2,NO,1,0,YES,12032,1994,1764,8274,Toyota,A3,2015,N,0,
465,39,642149,06/12/08,IL,250/500,2000,1447.04,6000000,513393,FEMALE,PhD,priv-house-serv,camping,husband,55431,-36908,01/15/14,Multi-vehicle Collision,Rear Collision,Minor Damage,Other,VA,Hillsdale,3436 Elm Lane,13,2,NO,2,2,NO,109869,10729,14946,84194,Mercedes,RSX,2015,Y,1,
468,51,507450,02/20/04,OH,100/300,1000,1445.38,5000000,411111,MALE,Associate,exec-managerial,sleeping,unmarried,49685,-30043,06/01/15,Multi-vehicle Collision,Side Collision,Minor Damage,Other,NC,Hillsdale,4245 2nd Drive,8,1,YES,0,2,NO,109219,11072,12631,85516,Chevrolet,RAM,2008,Y,1,Deductible too high. Makes policy useless for minor claims.
131,59,525181,09/08/05,VA,100/300,2000,957.58,4000000,459682,MALE,Masters,tech-support,dancing,wife,5318,-14015,03/15/15,Vehicle Theft,Rear Collision,Total Loss,,NC,Arlington,8939 4th St,4,1,NO,1,3,YES,57848,4958,10744,42146,Toyota,Highlander,2008,N,0,
381,21,939927,10/26/98,NY,100/300,1000,1175.3,3000000,447737,MALE,PhD,machine-op-inspct,golf,other-relative,74225,-5665,01/24/15,Multi-vehicle Collision,Side Collision,Major Damage,Police,SC,Arlington,5022 3rd Hwy,2,2,NO,2,1,NO,87491,8986,7697,70808,Accura,RAM,2007,N,0,
344,32,923981,11/27/98,VA,500/1000,500,1186.59,5000000,642002,MALE,High School,priv-house-serv,bungie-jumping,other-relative,12915,-51038,01/17/14,Multi-vehicle Collision,Rear Collision,Minor Damage,Police,IL,Columbus,9371 Elm Lane,23,2,YES,0,2,YES,13326,2259,2011,9056,Ford,E400,2006,N,0,
124,72,690469,11/18/15,WV,100/300,1000,1329.17,5000000,530247,FEMALE,Masters,armed-forces,dancing,own-child,50141,-19060,06/17/15,Multi-vehicle Collision,?,Minor Damage,Police,NY,Hillsdale,2144 5th Ridge,21,3,NO,1,3,NO,84353,15991,4341,64021,Dodge,95,1995,N,0,
75,39,594520,02/19/00,IN,250/500,2000,847.82,0,544297,FEMALE,High School,sales,reading,own-child,31328,-28166,04/27/14,Single Vehicle Collision,Rear Collision,Minor Damage,,NC,Northbend,3467 3rd Hwy,18,2,?,0,3,YES,81562,10473,12950,58139,Saab,95,2000,N,0,
407,18,575953,10/30/94,NC,500/1000,1000,1396.72,4000000,422434,FEMALE,MD,priv-house-serv,sleeping,wife,77042,-1615,11/03/15,Multi-vehicle Collision,Front Collision,Total Loss,Police,NY,Springfield,8773 Maple Drive,16,3,YES,1,3,YES,53257,12160,5187,35910,Saab,RSX,2014,Y,1,Claim amount far below coverage.
370,26,598249,03/02/11,VA,250/500,2000,1569.7,4000000,401051,FEMALE,Associate,protective-serv,skydiving,husband,33059,-17602,05/02/14,Parked Car,Side Collision,Minor Damage,Ambulance,IN,Northbend,6954 1st Ave,18,2,?,1,1,YES,17133,956,3167,13010,Audi,E400,2002,N,0,
188,69,288608,06/02/93,NY,250/500,1000,1808.91,5000000,658552,MALE,Masters,protective-serv,sleeping,unmarried,60501,-21092,05/05/15,Multi-vehicle Collision,Front Collision,Minor Damage,Police,OH,Springfield,8752 Maple Drive,20,3,YES,0,0,YES,19749,1077,1398,17274,Saab,RAM,2011,N,0,
147,27,134158,04/06/04,IN,100/300,500,1615.08,4000000,534059,FEMALE,Associate,machine-op-inspct,skydiving,husband,66640,-48926,09/20/15,Multi-vehicle Collision,Side Collision,Total Loss,,OH,Springfield,8107 Maple Drive,12,2,YES,1,2,YES,113469,17648,19309,76512,Ford,E400,2012,Y,1,Best customer service.
345,62,338235,05/24/09,SC,100/300,2000,1302,0,597240,MALE,Masters,machine-op-inspct,reading,unmarried,21688,-45484,06/16/15,Multi-vehicle Collision,Front Collision,Major Damage,Fire,IN,Northbend,7124 3rd Hwy,19,3,NO,1,2,YES,58825,4168,12136,42521,Dodge,RSX,1999,N,0,Premium payment issues unresolved.
122,18,661204,08/27/07,SC,100/300,1000,1301.13,0,472543,FEMALE,PhD,tech-support,skydiving,unmarried,69202,-45110,06/02/14,Vehicle Theft,Rear Collision,Minor Damage,Police,VA,Riverwood,1632 Elm Lane,8,1,YES,1,3,YES,70670,17505,15485,37680,Toyota,A5,2007,N,0,Policy expired without notification.
232,56,488973,04/11/03,SC,250/500,2000,1545.98,5000000,590412,MALE,Masters,exec-managerial,dancing,wife,39706,-49062,02/21/15,Parked Car,Front Collision,Minor Damage,Police,NY,Northbend,4702 Elm Lane,11,1,?,0,2,?,35685,5841,7736,22108,Toyota,Highlander,2009,N,0,
115,38,798669,09/22/03,VA,100/300,2000,1549.19,3000000,654345,FEMALE,MD,priv-house-serv,camping,unmarried,46122,-27389,09/25/15,Single Vehicle Collision,Side Collision,Major Damage,Police,VA,Northbend,4723 Elm Lane,13,1,NO,1,2,YES,94268,9840,7038,77390,Nissan,Camry,1999,N,0,
309,47,500487,10/11/95,IL,100/300,1000,1048.77,4000000,453354,MALE,PhD,armed-forces,board-games,husband,19360,-18784,12/28/15,Multi-vehicle Collision,Front Collision,Total Loss,Police,VA,Northbend,1975 3rd Hwy,21,1,YES,1,0,YES,76128,13868,18744,43516,Accura,Highlander,2000,N,0,Terrible overall experience.
185,44,625085,12/26/13,NC,250/500,1000,1948.04,0,522239,MALE,High School,tech-support,reading,wife,27982,-54035,03/01/15,Multi-vehicle Collision,?,Minor Damage,Police,WV,Columbus,6510 2nd Drive,9,3,YES,0,3,NO,62578,4186,13908,44484,Nissan,A5,2014,N,0,
333,78,609703,01/05/02,VA,100/300,1000,1156.95,4000000,435901,FEMALE,High School,machine-op-inspct,skydiving,husband,54901,-71013,03/24/14,Single Vehicle Collision,Front Collision,Minor Damage,,IN,Hillsdale,2606 4th St,10,1,?,1,0,?,116928,27126,16224,73578,Toyota,A3,2006,Y,1,
164,44,825821,01/30/02,NC,100/300,500,1544.71,3000000,583098,FEMALE,Associate,machine-op-inspct,camping,other-relative,40481,-57082,05/06/15,Parked Car,?,Major Damage,Other,IN,Northbend,4292 Maple Drive,19,1,NO,2,0,?,73632,4286,11919,57427,Accura,Highlander,2010,N,0,
313,78,715290,08/14/95,IL,500/1000,500,1960.65,4000000,419559,FEMALE,High School,tech-support,board-games,own-child,29620,-64861,09/12/14,Multi-vehicle Collision,Rear Collision,Major Damage,Other,WV,Riverwood,6165 4th St,8,2,YES,0,3,YES,91017,11072,22507,57438,Ford,Highlander,2004,Y,1,
306,35,629813,03/18/10,WV,500/1000,1000,1687.85,0,506428,FEMALE,High School,exec-managerial,golf,unmarried,39715,-41728,02/07/15,Vehicle Theft,Front Collision,Total Loss,Ambulance,OH,Springfield,9094 1st Ave,1,2,NO,1,2,NO,17101,3485,2624,10992,Saab,F150,2002,N,0,Hassle-free experience overall.
225,61,714438,09/26/00,IN,250/500,500,1535.55,4000000,661991,MALE,Associate,armed-forces,dancing,unmarried,16632,-74675,11/07/15,Single Vehicle Collision,Front Collision,Major Damage,Other,OH,Arlington,3842 2nd Drive,21,2,YES,0,2,YES,2414,257,265,1892,Mercedes,Pathfinder,1999,N,0,
272,50,731097,04/06/07,NY,100/300,1000,872.69,5000000,503735,FEMALE,High School,armed-forces,golf,other-relative,20818,-16629,04/04/15,Multi-vehicle Collision,Front Collision,Total Loss,Police,NC,Columbus,3320 Maple Drive,17,3,NO,1,2,YES,32232,3357,7631,21244,Chevrolet,Pathfinder,2000,N,0,
89,52,127088,07/20/10,IN,100/300,500,1951.48,6000000,640649,MALE,High School,tech-support,sleeping,husband,6672,-35828,03/08/14,Multi-vehicle Collision,Rear Collision,Total Loss,Police,OH,Columbus,9977 1st Ave,15,1,YES,1,0,?,72270,11207,9917,51146,Audi,RAM,2003,Y,1,
375,19,353666,09/04/09,IL,100/300,1000,1418.52,5000000,659581,MALE,High School,protective-serv,sleeping,unmarried,1426,-48813,02/24/14,Vehicle Theft,Front Collision,Major Damage,Police,SC,Riverwood,8450 Elm Lane,4,3,?,1,0,YES,74326,12219,10176,51931,Ford,A3,2001,Y,1,
360,29,905419,01/08/90,SC,100/300,1000,1798.46,5000000,601262,FEMALE,Masters,priv-house-serv,dancing,wife,61170,-22351,05/18/15,Vehicle Theft,Rear Collision,Minor Damage,Other,VA,Columbus,6059 1st Ave,14,2,NO,0,1,NO,49248,10454,9495,29299,Chevrolet,Civic,2001,N,0,Complaint handled poorly. No resolution.
148,43,236819,01/28/00,SC,500/1000,2000,1597.35,4000000,635700,MALE,Masters,machine-op-inspct,sleeping,own-child,21708,-13,10/29/14,Single Vehicle Collision,Side Collision,Minor Damage,,NY,Northbend,2987 Maple Drive,20,3,NO,0,3,NO,10631,826,1861,7944,Toyota,RAM,1998,N,0,
211,40,307135,10/23/92,IL,100/300,500,1919.57,0,654790,FEMALE,MD,armed-forces,golf,unmarried,21714,-78687,01/25/15,Multi-vehicle Collision,Front Collision,Major Damage,Other,IL,Riverwood,7884 2nd Drive,8,3,NO,1,3,YES,46777,4319,6055,36403,Accura,RAM,1996,N,0,
480,55,608639,10/27/98,SC,100/300,1000,1538.26,0,671912,MALE,PhD,armed-forces,board-games,wife,73396,-67448,07/11/14,Multi-vehicle Collision,Side Collision,Major Damage,Other,IN,Riverwood,4612 Maple Drive,1,2,NO,1,3,YES,84695,10616,6049,68030,Audi,92x,2004,N,0,
64,18,925845,11/26/07,OH,100/300,1000,1390.18,0,536107,FEMALE,Associate,tech-support,golf,unmarried,9008,-65020,01/06/15,Multi-vehicle Collision,Rear Collision,Major Damage,Police,VA,Hillsdale,5863 3rd Hwy,2,3,?,1,0,?,6890,1639,1155,4096,Audi,Tahoe,2009,N,0,
272,65,759514,08/24/00,SC,250/500,1000,1625.12,3000000,488303,FEMALE,High School,priv-house-serv,golf,wife,2803,-1060,06/19/15,Single Vehicle Collision,Rear Collision,Minor Damage,Other,VA,Riverwood,1603 3rd Hwy,10,1,YES,0,3,YES,113942,7995,18976,86971,Dodge,Highlander,2015,Y,1,
266,23,324604,09/05/08,OH,250/500,2000,843.63,5000000,654995,FEMALE,Associate,exec-managerial,board-games,husband,3766,-5879,09/05/14,Vehicle Theft,Rear Collision,Minor Damage,Police,IL,Northbend,8008 2nd Drive,14,2,NO,0,1,YES,92337,12415,14317,65605,Nissan,Highlander,2002,Y,1,
340,79,593346,04/19/91,SC,100/300,500,823.49,0,678209,FEMALE,High School,tech-support,sleeping,husband,45029,-4728,02/25/14,Single Vehicle Collision,Front Collision,Total Loss,Police,WV,Arlington,1829 Maple Drive,15,1,YES,1,2,NO,19718,1414,3807,14497,Mercedes,Civic,2010,N,0,
223,31,727236,04/08/14,VA,500/1000,500,1136.27,0,653628,MALE,High School,sales,golf,wife,2315,-51166,05/30/14,Multi-vehicle Collision,Front Collision,Major Damage,Police,IL,Columbus,2617 5th Ridge,2,2,?,2,1,YES,63088,6799,9494,46795,Mercedes,Tahoe,2012,N,0,
344,45,259839,09/30/91,NC,250/500,1000,1475.81,4000000,515962,FEMALE,Masters,protective-serv,golf,other-relative,38710,-67028,07/18/15,Multi-vehicle Collision,Front Collision,Major Damage,Police,NC,Columbus,8133 4th St,4,2,NO,2,0,YES,119009,28742,15988,74279,Honda,Highlander,1997,Y,1,
56,42,700070,07/19/05,SC,500/1000,1000,1170.38,6000000,425367,MALE,High School,protective-serv,camping,husband,29548,-44594,05/07/14,Multi-vehicle Collision,Front Collision,Minor Damage,,NY,Hillsdale,9250 5th Ridge,12,1,NO,0,1,YES,75014,10861,16111,48042,Audi,92x,2001,N,0,
76,76,826116,08/31/12,VA,100/300,500,1512.33,4000000,508386,FEMALE,Associate,priv-house-serv,bungie-jumping,unmarried,37200,-40801,02/24/14,Single Vehicle Collision,Rear Collision,Minor Damage,,NY,Northbend,7462 5th Ridge,2,1,?,2,0,YES,11429,2739,2751,5939,Audi,A5,2015,N,0,
267,74,454571,04/20/00,SC,100/300,500,1273.79,5000000,466818,FEMALE,High School,sales,golf,unmarried,45738,-54190,04/11/14,Parked Car,Front Collision,Minor Damage,Police,IL,Columbus,2909 Elm Lane,11,3,YES,1,3,YES,32198,4879,4575,22744,Chevrolet,RSX,1996,N,0,Worst insurance provider.
73,74,258426,07/29/08,WV,250/500,2000,1652.4,6000000,676038,FEMALE,Masters,priv-house-serv,camping,own-child,15393,-70116,09/21/14,Single Vehicle Collision,Front Collision,Total Loss,Ambulance,OH,Arlington,1301 1st Ave,11,3,NO,2,3,?,41086,4022,9785,27279,Saab,RAM,2011,N,0,
12,66,394012,11/02/12,SC,250/500,500,1954.77,5000000,471972,MALE,High School,machine-op-inspct,golf,unmarried,71664,-63604,09/15/15,Multi-vehicle Collision,Rear Collision,Minor Damage,Police,NY,Hillsdale,2857 4th St,8,1,YES,1,1,YES,38061,8088,4150,25823,Audi,92x,1996,N,0,
231,26,473561,08/28/12,NC,100/300,500,1839.78,0,595278,FEMALE,Masters,tech-support,bungie-jumping,own-child,37182,-7087,01/12/15,Multi-vehicle Collision,Side Collision,Minor Damage,Police,IL,Northbend,6998 Maple Drive,14,2,YES,2,2,YES,64582,13133,7570,43879,Mercedes,A3,2002,N,0,
350,34,151658,02/11/91,IN,100/300,2000,1986.75,0,658603,MALE,MD,exec-managerial,golf,husband,55905,-37589,04/04/15,Vehicle Theft,Rear Collision,Minor Damage,Police,VA,Riverwood,6081 Maple Drive,7,1,YES,1,1,YES,117531,6973,18133,92425,Dodge,A3,2008,Y,1,
261,49,874960,03/30/02,VA,250/500,1000,1832.24,0,435503,FEMALE,Masters,tech-support,bungie-jumping,unmarried,2924,-31070,10/26/15,Single Vehicle Collision,Front Collision,Total Loss,,VA,Columbus,9415 3rd Hwy,17,2,NO,0,0,YES,81274,18610,6535,56129,Audi,E400,2000,N,0,
437,52,610904,10/16/09,IN,500/1000,1000,1481.38,6000000,555449,FEMALE,Masters,protective-serv,reading,wife,41191,-46383,10/18/14,Single Vehicle Collision,Rear Collision,Minor Damage,Police,NY,Hillsdale,1438 2nd Drive,16,1,NO,0,0,YES,41148,9517,2852,28779,Nissan,RSX,1997,N,0,
136,31,283390,10/19/98,IN,250/500,500,944.28,5000000,513090,MALE,High School,protective-serv,bungie-jumping,own-child,7029,-59847,07/18/15,Multi-vehicle Collision,Front Collision,Major Damage,Police,VA,Arlington,6814 4th St,19,3,NO,1,1,NO,83409,9090,11954,62365,Chevrolet,Highlander,2001,N,0,
225,65,951779,10/30/92,NY,250/500,1000,1603.33,6000000,655301,FEMALE,MD,tech-support,skydiving,unmarried,70019,-73439,07/05/14,Multi-vehicle Collision,Front Collision,Minor Damage,Police,NC,Northbend,4939 1st Ave,22,1,YES,1,1,?,48921,8764,8137,32020,Saab,95,2001,N,0,
90,67,373037,01/10/95,SC,250/500,1000,1903.93,0,505812,MALE,Masters,exec-managerial,board-games,unmarried,6588,-27008,02/02/14,Multi-vehicle Collision,Front Collision,Minor Damage,Police,WV,Springfield,1427 2nd Drive,6,3,YES,0,3,YES,93542,13089,13332,67121,Nissan,Tahoe,2014,Y,1,
128,63,991432,04/20/01,WV,500/1000,2000,1560.8,4000000,450708,FEMALE,MD,armed-forces,camping,wife,71017,-21794,02/06/15,Vehicle Theft,Front Collision,Minor Damage,Ambulance,IL,Arlington,8170 Maple Drive,0,2,YES,2,0,YES,57379,9105,3578,44696,Chevrolet,A5,2002,N,0,
252,63,960652,03/28/90,IN,250/500,500,1405.14,4000000,483999,MALE,PhD,priv-house-serv,camping,own-child,69191,-39467,09/07/15,Vehicle Theft,Front Collision,Major Damage,Police,NC,Columbus,5320 3rd Hwy,23,2,YES,2,0,?,96204,13647,10386,72171,Honda,Civic,2005,Y,1,
301,70,860731,03/28/04,WV,100/300,500,924.76,0,417940,FEMALE,Masters,tech-support,reading,own-child,65595,-32701,06/25/14,Single Vehicle Collision,Front Collision,Minor Damage,Police,NC,Columbus,9461 4th St,20,2,?,1,2,YES,2518,612,238,1668,Ford,Pathfinder,2005,N,0,
330,78,547236,04/24/90,IN,250/500,1000,1567.35,4000000,617260,MALE,High School,exec-managerial,reading,other-relative,79817,-7736,06/26/15,Single Vehicle Collision,Front Collision,Total Loss,Police,IL,Riverwood,9460 5th Ridge,21,1,NO,2,0,NO,84783,4918,15541,64324,Audi,A5,2001,N,0,
132,45,943835,09/10/96,IL,500/1000,2000,1169.1,0,437710,MALE,MD,tech-support,camping,own-child,2687,-14265,07/24/14,Vehicle Theft,Side Collision,Major Damage,,NC,Northbend,7910 3rd Hwy,5,2,YES,1,3,YES,115538,12085,23860,79593,Accura,Tahoe,1997,Y,1,
115,21,336826,06/16/11,NC,250/500,1000,1912.35,0,405223,MALE,High School,priv-house-serv,dancing,wife,22065,-65511,05/26/14,Vehicle Theft,?,Major Damage,Police,NC,Riverwood,3446 Elm Lane,14,1,YES,1,2,YES,99590,5471,5202,88917,Accura,Highlander,2011,Y,1,
205,76,788433,02/18/11,WV,250/500,1000,1666.57,6000000,650735,FEMALE,PhD,protective-serv,skydiving,husband,43064,-12246,04/14/15,Parked Car,Side Collision,Major Damage,Ambulance,OH,Riverwood,5125 Maple Drive,16,1,YES,1,3,YES,95946,8352,14626,72968,Honda,Tahoe,2010,N,0,
109,44,104933,11/25/90,WV,100/300,500,1110.59,4000000,504228,MALE,Associate,protective-serv,board-games,own-child,10884,-60869,05/20/15,Single Vehicle Collision,?,Minor Damage,Police,IL,Riverwood,3614 4th St,11,1,?,2,2,NO,13831,1438,3057,9336,Ford,Highlander,2000,N,0,
114,49,920087,09/11/90,SC,250/500,500,1715.38,0,634510,FEMALE,Associate,priv-house-serv,dancing,wife,49399,-9007,10/04/14,Single Vehicle Collision,Side Collision,Minor Damage,,OH,Riverwood,6110 1st Ave,16,1,YES,0,3,YES,90460,21673,10962,57825,Toyota,Highlander,2009,N,0,
477,40,556480,04/02/93,NY,100/300,2000,1611.55,6000000,522743,MALE,High School,tech-support,camping,other-relative,20925,-49225,02/28/15,Multi-vehicle Collision,Front Collision,Minor Damage,Fire,NC,Hillsdale,3243 3rd Hwy,3,3,YES,0,1,YES,80240,18005,12714,49521,Chevrolet,Pathfinder,2003,Y,1,
169,64,555616,04/24/12,IL,100/300,2000,880.42,0,644182,FEMALE,PhD,priv-house-serv,skydiving,husband,45009,-72744,04/09/14,Multi-vehicle Collision,Rear Collision,Major Damage,Police,SC,Hillsdale,7245 3rd Hwy,6,3,NO,0,1,YES,92876,7037,21099,64740,Accura,Highlander,2015,Y,1,Renewal terms completely different.
362,58,881028,02/22/15,OH,250/500,2000,888.55,3000000,515120,MALE,Associate,protective-serv,golf,unmarried,37441,-29204,11/18/14,Vehicle Theft,?,Minor Damage,Police,VA,Hillsdale,3259 Maple Drive,22,1,YES,2,1,YES,32954,6597,2688,23669,Toyota,RSX,2012,N,0,
159,26,247245,08/20/11,SC,100/300,500,1061.66,6000000,524378,MALE,PhD,machine-op-inspct,bungie-jumping,husband,49133,-5809,07/21/14,Single Vehicle Collision,Side Collision,Minor Damage,Police,IL,Columbus,3251 1st Ave,7,2,NO,1,0,NO,45389,10471,5196,29722,Ford,Tahoe,2004,N,0,
18,50,330107,06/23/92,VA,500/1000,1000,1012.57,0,515742,FEMALE,High School,tech-support,dancing,wife,23045,-27728,08/29/15,Single Vehicle Collision,Side Collision,Minor Damage,,VA,Hillsdale,3678 4th St,22,2,YES,2,3,NO,117091,10761,11935,94395,Chevrolet,A5,1999,Y,1,No follow-up claim status.
25,60,891444,06/25/95,NC,500/1000,2000,1979.55,0,604866,MALE,High School,armed-forces,reading,wife,39627,-73603,12/25/15,Vehicle Theft,Rear Collision,Major Damage,Fire,IN,Hillsdale,4801 2nd Drive,8,1,YES,0,0,YES,33511,3645,2570,27296,Chevrolet,E400,2005,N,0,
490,53,645379,12/09/92,NC,100/300,1000,1632.63,6000000,602961,MALE,High School,priv-house-serv,golf,other-relative,32918,-68003,07/22/14,Multi-vehicle Collision,?,Major Damage,Fire,SC,Northbend,5446 1st Ave,7,2,?,1,2,YES,21777,3620,5265,12892,Chevrolet,92x,1998,N,0,
183,50,257652,05/01/98,VA,250/500,1000,1836.62,0,506593,MALE,High School,exec-managerial,camping,wife,32326,-71534,12/30/15,Vehicle Theft,Side Collision,Total Loss,Police,SC,Columbus,5647 4th St,21,3,NO,2,0,YES,90415,18752,14023,57640,Dodge,Highlander,2015,Y,1,Premium increased with no reason after inquiry.
5,26,142793,07/07/12,IN,250/500,1000,1140.58,0,497558,MALE,Associate,priv-house-serv,dancing,own-child,25243,-44041,03/05/14,Single Vehicle Collision,?,Minor Damage,,NY,Northbend,1334 5th Ridge,13,1,YES,0,2,YES,91326,13785,5730,71811,Mercedes,Camry,2013,N,0,
190,38,129957,12/30/08,OH,500/1000,2000,1517.86,0,588532,FEMALE,High School,protective-serv,bungie-jumping,wife,11994,-21543,06/23/15,Multi-vehicle Collision,Front Collision,Minor Damage,Ambulance,IL,Northbend,4089 Elm Lane,2,1,NO,2,0,YES,53558,7175,12896,33487,Toyota,Camry,2012,N,0,
133,76,102807,04/10/12,IN,250/500,500,1768.89,5000000,591854,MALE,High School,tech-support,reading,unmarried,20529,-20229,11/07/15,Vehicle Theft,Front Collision,Total Loss,Other,WV,Northbend,3791 3rd Hwy,18,1,NO,1,0,YES,42190,3130,3547,35513,Accura,Civic,2015,N,0,
336,62,121410,07/12/03,NC,100/300,500,1802.03,4000000,586415,FEMALE,Associate,armed-forces,board-games,unmarried,50179,-76650,09/14/15,Multi-vehicle Collision,Side Collision,Minor Damage,,SC,Columbus,3268 1st Ave,0,1,NO,0,3,YES,104172,13220,14204,76748,Audi,Civic,1997,N,0,
458,38,599355,06/27/06,WV,100/300,1000,1307.75,4000000,633386,MALE,PhD,protective-serv,golf,husband,45599,-4906,10/09/15,Multi-vehicle Collision,Side Collision,Major Damage,Fire,SC,Hillsdale,5820 2nd Drive,12,1,?,1,2,YES,84045,17475,20756,45814,Mercedes,Civic,2010,N,0,Amazing company highly pleased.
447,41,984717,06/09/90,IN,250/500,1000,883.23,0,621437,FEMALE,PhD,protective-serv,bungie-jumping,husband,39157,-45308,05/16/15,Single Vehicle Collision,Front Collision,Major Damage,Police,IN,Columbus,8412 Maple Drive,20,1,YES,2,2,YES,71660,13351,12815,45494,Audi,E400,2009,N,0,
41,42,199523,07/27/03,NC,250/500,500,1878.75,0,489043,FEMALE,Associate,machine-op-inspct,bungie-jumping,wife,67020,-79844,09/12/15,Multi-vehicle Collision,Side Collision,Minor Damage,,SC,Columbus,7250 5th Ridge,23,2,YES,1,2,YES,102519,13682,22684,66153,Nissan,Civic,2015,Y,1,
2,32,278215,10/21/97,IN,250/500,1000,1406,5000000,680261,FEMALE,Associate,machine-op-inspct,camping,husband,47726,-64584,04/14/15,Parked Car,Side Collision,Minor Damage,Police,NC,Arlington,7926 5th Ridge,20,3,NO,0,3,YES,45581,3672,7414,34495,Nissan,Highlander,2002,N,0,Premium rates too high compared to competitors. Not value for money.
427,32,979588,08/14/90,NC,100/300,500,1791.08,0,560416,MALE,Associate,exec-managerial,golf,unmarried,48371,-57834,09/17/14,Vehicle Theft,Front Collision,Minor Damage,Other,SC,Northbend,8759 3rd Hwy,12,1,YES,2,1,YES,73859,7678,14914,51267,Nissan,Civic,1999,N,0,
91,29,247135,03/17/08,NC,500/1000,500,1935.24,5000000,624779,MALE,High School,priv-house-serv,camping,wife,39454,-32872,11/26/14,Vehicle Theft,Front Collision,Total Loss,,NC,Northbend,3169 4th St,7,2,NO,1,0,YES,83661,13683,9111,60867,Dodge,RAM,1995,Y,1,
73,36,680236,02/28/91,VA,100/300,1000,939.88,3000000,404769,FEMALE,High School,tech-support,dancing,husband,36074,-13674,06/27/15,Parked Car,Side Collision,Minor Damage,Police,SC,Columbus,2472 1st Ave,23,3,?,0,2,YES,12480,746,1203,10531,Mercedes,92x,2005,N,0,
473,30,805536,06/29/03,VA,500/1000,1000,1085.95,5000000,658478,FEMALE,Associate,armed-forces,camping,husband,858,-9778,11/28/15,Single Vehicle Collision,Side Collision,Minor Damage,Ambulance,IN,Springfield,2023 4th St,14,3,?,0,0,YES,27016,1651,1400,23965,Ford,Highlander,2003,N,0,
90,41,543096,01/20/93,VA,250/500,2000,1817.37,0,485110,MALE,Associate,machine-op-inspct,bungie-jumping,husband,35521,-41681,03/24/14,Parked Car,Front Collision,Minor Damage,Other,WV,Columbus,1642 4th St,21,2,?,0,2,?,44593,4939,9234,30420,Dodge,A5,2008,N,0,
429,47,848303,01/09/04,VA,100/300,1000,1500.28,6000000,441173,FEMALE,Associate,machine-op-inspct,board-games,husband,71462,-3963,08/07/14,Multi-vehicle Collision,Front Collision,Major Damage,Police,IN,Hillsdale,9491 4th St,0,3,YES,2,2,YES,26130,2255,5603,18272,Accura,Pathfinder,2008,N,0,
392,34,494583,11/07/11,WV,100/300,500,1872.4,0,522012,FEMALE,MD,sales,golf,husband,9514,-30415,12/12/15,Single Vehicle Collision,Front Collision,Minor Damage,Police,VA,Columbus,2860 4th St,1,3,YES,1,2,NO,70505,10548,15380,44577,Mercedes,RSX,2000,N,0,
101,74,584825,11/13/07,NY,100/300,1000,1501.05,3000000,602585,MALE,High School,armed-forces,golf,other-relative,67229,-75294,07/20/14,Single Vehicle Collision,?,Minor Damage,Police,NC,Arlington,8568 5th Ridge,16,1,YES,0,2,YES,101762,10260,19127,72375,Dodge,95,2003,N,0,
447,46,189643,06/13/04,NY,100/300,1000,1824.26,0,586812,FEMALE,Associate,sales,bungie-jumping,unmarried,66383,-42678,12/26/14,Single Vehicle Collision,Rear Collision,Total Loss,Police,WV,Arlington,2941 4th St,8,1,NO,2,0,YES,37961,8585,2898,26478,Ford,Civic,1996,N,0,
312,55,410897,09/28/10,NY,250/500,1000,1131.57,5000000,401826,FEMALE,High School,exec-managerial,dancing,wife,64399,-26891,09/27/15,Multi-vehicle Collision,Side Collision,Minor Damage,Police,NC,Springfield,8421 2nd Drive,15,3,?,2,1,YES,20128,3178,1484,15466,Honda,Camry,1999,N,0,
230,69,748502,08/28/09,SC,100/300,500,967.16,6000000,641542,FEMALE,Masters,priv-house-serv,board-games,unmarried,10007,-41667,07/21/15,Vehicle Theft,?,Minor Damage,Ambulance,NC,Springfield,8880 Maple Drive,23,3,NO,2,1,YES,111677,21855,24790,65032,Accura,RSX,1999,Y,1,
244,31,462240,07/29/96,NC,250/500,500,1866.58,5000000,504134,FEMALE,Masters,protective-serv,dancing,husband,44101,-19321,07/26/14,Multi-vehicle Collision,Rear Collision,Major Damage,Police,NY,Riverwood,1581 Elm Lane,2,3,YES,0,0,YES,97244,14612,22020,60612,Chevrolet,Camry,2006,Y,1,Claims adjuster rude dismissive.
20,70,969867,03/14/06,VA,250/500,2000,1039.31,6000000,442756,MALE,MD,protective-serv,camping,unmarried,31960,-1673,04/27/15,Multi-vehicle Collision,Front Collision,Minor Damage,,SC,Northbend,5280 5th Ridge,22,2,YES,1,1,YES,93275,5194,17091,70990,Honda,F150,2004,Y,1,
434,78,963997,06/11/97,IN,100/300,2000,1089.8,5000000,596299,MALE,MD,machine-op-inspct,camping,other-relative,659,-32525,12/13/14,Multi-vehicle Collision,Side Collision,Total Loss,Police,SC,Arlington,7026 3rd Hwy,3,1,YES,1,2,YES,112926,7179,23017,82730,Dodge,Highlander,2005,Y,1,
158,55,601496,11/25/95,WV,250/500,500,1430.69,3000000,476798,MALE,Associate,exec-managerial,camping,wife,71587,-46606,07/23/14,Multi-vehicle Collision,Side Collision,Minor Damage,,IL,Springfield,6068 2nd Drive,17,1,?,2,1,NO,23326,5155,1441,16730,Nissan,F150,2003,N,0,
139,58,768032,03/13/14,NY,100/300,500,884.61,6000000,628570,FEMALE,Masters,sales,dancing,unmarried,27168,-18007,06/07/14,Single Vehicle Collision,Front Collision,Minor Damage,Police,IN,Arlington,5036 4th St,6,2,?,1,3,YES,84655,14442,18188,52025,Saab,RAM,2010,N,0,Policy cancellation unnecessarily complicated.
8,52,610079,09/01/05,NY,250/500,1000,1555.26,5000000,520106,MALE,Masters,priv-house-serv,camping,other-relative,16570,-3509,03/08/14,Single Vehicle Collision,Rear Collision,Major Damage,Police,NY,Hillsdale,1381 5th Ridge,20,2,?,1,2,YES,12629,1183,1933,9513,Chevrolet,Pathfinder,1998,N,0,
131,39,749201,10/23/97,VA,100/300,2000,912.78,4000000,537668,MALE,MD,priv-house-serv,dancing,unmarried,74470,-35728,09/25/15,Single Vehicle Collision,Front Collision,Minor Damage,Police,OH,Springfield,8053 3rd Hwy,7,1,YES,1,3,YES,50090,8214,10128,31748,Chevrolet,Tahoe,2011,N,0,
175,55,280049,01/29/92,VA,250/500,1000,1443.58,5000000,671954,MALE,High School,armed-forces,board-games,unmarried,16100,-52261,04/29/15,Multi-vehicle Collision,Side Collision,Major Damage,,WV,Hillsdale,3948 5th Ridge,12,3,NO,1,1,?,93613,7895,10399,75319,Ford,Pathfinder,2006,Y,1,
23,43,748638,02/27/91,OH,100/300,1000,1785.78,4000000,510978,MALE,Associate,protective-serv,skydiving,own-child,46628,-34341,02/11/15,Single Vehicle Collision,?,Major Damage,Police,WV,Arlington,6273 Maple Drive,10,1,YES,1,3,YES,41133,2692,4759,33682,Audi,92x,2012,N,0,
329,49,281463,03/01/97,IN,100/300,1000,877.71,5000000,513200,MALE,PhD,armed-forces,bungie-jumping,own-child,66171,-72659,03/04/14,Single Vehicle Collision,Rear Collision,Major Damage,Police,IN,Riverwood,8172 Elm Lane,19,1,YES,1,2,YES,96681,5245,16091,75345,Honda,RAM,1995,N,0,
71,26,498107,02/05/07,OH,100/300,1000,1635.99,5000000,407285,MALE,MD,machine-op-inspct,skydiving,unmarried,20130,-49596,06/21/14,Multi-vehicle Collision,?,Major Damage,,OH,Columbus,2011 Maple Drive,15,1,YES,1,1,YES,4199,544,224,3431,Nissan,Camry,2014,N,0,
133,22,117783,02/22/09,OH,250/500,1000,1749.99,0,593326,FEMALE,PhD,sales,board-games,husband,62064,-6930,12/31/14,Single Vehicle Collision,Front Collision,Minor Damage,Other,SC,Hillsdale,5884 2nd Drive,20,1,YES,2,2,NO,109021,6268,18336,84417,Chevrolet,Highlander,2002,Y,1,
240,44,123653,06/08/02,NC,100/300,1000,818.68,4000000,604212,MALE,MD,tech-support,bungie-jumping,wife,11379,-16255,08/28/14,Multi-vehicle Collision,Front Collision,Minor Damage,,NY,Northbend,3517 2nd Drive,15,3,NO,1,2,YES,9927,2087,1713,6127,Accura,E400,2004,N,0,
326,24,737903,03/27/98,OH,500/1000,2000,1959.55,4000000,525082,FEMALE,Masters,sales,golf,unmarried,66921,-8621,01/13/15,Multi-vehicle Collision,?,Total Loss,,NY,Springfield,5394 1st Ave,18,2,NO,2,3,YES,59788,10622,12638,36528,Honda,RAM,2013,N,0,
93,69,489786,08/12/06,IN,250/500,1000,1179.46,3000000,496593,FEMALE,High School,priv-house-serv,sleeping,husband,51325,-33287,07/11/15,Single Vehicle Collision,Rear Collision,Minor Damage,Police,OH,Northbend,6232 3rd Hwy,7,1,YES,2,0,NO,88007,9940,8967,69100,Saab,92x,2001,N,0,
463,47,804986,02/08/00,OH,500/1000,2000,1452.82,5000000,678232,MALE,MD,protective-serv,golf,unmarried,68740,-8338,05/25/14,Vehicle Theft,Front Collision,Total Loss,Police,NC,Hillsdale,7540 2nd Drive,21,1,YES,0,3,?,86168,15557,9418,61193,Nissan,Highlander,1995,Y,1,
259,79,725603,01/24/10,IN,100/300,500,1987.94,6000000,484421,FEMALE,MD,protective-serv,sleeping,husband,15701,-58096,03/25/14,Vehicle Theft,Front Collision,Minor Damage,,IL,Arlington,8535 1st Ave,8,1,YES,1,2,YES,59725,10052,11053,38620,Chevrolet,E400,2014,N,0,
233,22,644836,03/04/98,IL,250/500,1000,1991.45,5000000,486043,FEMALE,Associate,protective-serv,skydiving,other-relative,29385,-30954,12/26/15,Single Vehicle Collision,Front Collision,Major Damage,Police,VA,Springfield,6645 Elm Lane,4,2,NO,2,2,NO,108672,21598,10059,77015,Audi,Tahoe,2013,N,0,
373,22,273407,09/17/92,IL,250/500,1000,1392.01,4000000,653725,MALE,Associate,armed-forces,dancing,husband,8187,-26856,02/06/14,Parked Car,?,Major Damage,Police,WV,Springfield,1908 5th Ridge,14,2,YES,2,2,YES,44428,3294,3314,37820,Ford,Pathfinder,2009,N,0,
104,26,179560,05/02/08,SC,100/300,1000,1629.31,5000000,453389,FEMALE,Masters,priv-house-serv,golf,other-relative,66058,-30810,08/27/15,Multi-vehicle Collision,Front Collision,Major Damage,Police,IN,Hillsdale,7172 Maple Drive,10,3,NO,2,2,NO,20660,3925,2392,14343,Dodge,Camry,2006,N,0,
141,38,202260,10/28/95,SC,250/500,500,1979.91,0,664449,FEMALE,Associate,machine-op-inspct,golf,other-relative,64132,-3284,01/22/15,Vehicle Theft,Rear Collision,Major Damage,Other,NC,Springfield,4823 5th Ridge,10,1,YES,1,2,NO,114142,15064,24863,74215,Honda,92x,2011,Y,1,
461,56,183204,11/26/15,OH,250/500,2000,1202.42,4000000,620487,FEMALE,High School,exec-managerial,sleeping,husband,35156,-33359,11/04/14,Vehicle Theft,Side Collision,Total Loss,Police,VA,Riverwood,9071 4th St,15,2,NO,1,2,NO,41045,5836,9511,25698,Saab,Civic,2010,N,0,
352,40,347593,03/10/05,IN,500/1000,1000,905.18,5000000,526324,FEMALE,MD,machine-op-inspct,skydiving,unmarried,45458,-4127,04/30/14,Multi-vehicle Collision,Front Collision,Total Loss,Police,NC,Riverwood,6631 5th Ridge,23,1,YES,2,0,YES,116331,20423,18411,77497,Toyota,RSX,1998,Y,1,
472,76,403868,02/23/11,IN,250/500,500,1844.69,0,538614,MALE,PhD,tech-support,bungie-jumping,wife,60150,-33790,12/11/15,Parked Car,Front Collision,Minor Damage,,NC,Springfield,7444 Maple Drive,3,2,YES,1,2,YES,23434,2778,3449,17207,Chevrolet,Pathfinder,2014,N,0,
314,79,684885,06/27/04,SC,500/1000,500,804.27,4000000,616527,FEMALE,PhD,machine-op-inspct,camping,other-relative,78262,-3423,11/25/14,Single Vehicle Collision,Front Collision,Minor Damage,Police,NY,Columbus,2321 3rd Hwy,3,2,YES,1,1,YES,34718,7825,4886,22007,Toyota,95,2009,N,0,
68,20,704775,10/13/90,SC,500/1000,1000,1803.93,6000000,521042,FEMALE,MD,tech-support,golf,husband,12100,-10256,08/21/14,Multi-vehicle Collision,Rear Collision,Major Damage,Fire,NC,Northbend,2901 1st Ave,14,2,YES,1,1,YES,33681,3553,4273,25855,Accura,A3,1996,N,0,
377,58,593641,02/26/15,WV,100/300,500,1898.54,3000000,569806,FEMALE,High School,machine-op-inspct,skydiving,other-relative,27973,-64578,02/15/14,Single Vehicle Collision,Side Collision,Total Loss,Fire,OH,Columbus,2239 2nd Drive,20,3,NO,0,1,NO,67754,9188,13201,45365,Nissan,Highlander,1996,N,0,
449,55,829984,12/11/98,NC,100/300,2000,1075.95,4000000,558970,FEMALE,Associate,sales,bungie-jumping,husband,30069,-28104,11/17/15,Single Vehicle Collision,Side Collision,Total Loss,Police,IL,Hillsdale,7414 4th St,11,3,NO,1,2,YES,70127,11443,4379,54305,Saab,Tahoe,2009,Y,1,
63,71,724924,03/17/92,SC,100/300,2000,1641.35,4000000,567638,FEMALE,High School,machine-op-inspct,sleeping,wife,27416,-34540,07/06/15,Multi-vehicle Collision,Rear Collision,Major Damage,Police,VA,Hillsdale,6390 2nd Drive,1,2,?,0,2,YES,36937,7147,3077,26713,Dodge,E400,2010,N,0,
146,46,683316,09/27/07,NY,250/500,2000,1780.56,5000000,493801,FEMALE,MD,armed-forces,bungie-jumping,husband,41377,-57318,02/12/14,Single Vehicle Collision,Side Collision,Total Loss,Police,SC,Riverwood,3830 3rd Hwy,9,1,NO,1,0,NO,109231,17188,6516,85527,Accura,Tahoe,2000,Y,1,
390,23,176700,09/21/04,NY,250/500,1000,1312.93,6000000,410559,MALE,Masters,exec-managerial,skydiving,unmarried,163,-20793,11/12/14,Multi-vehicle Collision,Side Collision,Minor Damage,Fire,NC,Arlington,9422 3rd Hwy,5,2,YES,0,3,YES,95204,13726,9987,71491,Audi,Civic,2007,Y,1,
64,20,177091,06/02/02,WV,100/300,500,1552.31,4000000,579177,FEMALE,MD,tech-support,skydiving,own-child,76857,-31216,04/07/15,Multi-vehicle Collision,Front Collision,Total Loss,,OH,Riverwood,9188 5th Ridge,0,1,NO,0,0,YES,2529,174,363,1992,Saab,92x,2012,N,0,
485,28,587343,07/23/95,WV,500/1000,500,1111.05,3000000,668809,MALE,Associate,armed-forces,camping,husband,68100,-24650,09/08/14,Single Vehicle Collision,Side Collision,Major Damage,Police,IN,Riverwood,8462 3rd Hwy,17,1,YES,2,1,YES,97239,10773,14346,72120,Dodge,Camry,2005,N,0,
59,66,474326,10/30/92,VA,250/500,1000,993.04,6000000,592971,MALE,Masters,protective-serv,reading,unmarried,12502,-64820,08/12/15,Multi-vehicle Collision,Rear Collision,Minor Damage,Police,NC,Northbend,5852 Maple Drive,12,3,?,1,2,YES,35988,7221,4253,24514,Toyota,F150,2011,N,0,
13,23,270924,05/14/96,WV,250/500,2000,803.8,5000000,413618,FEMALE,Associate,armed-forces,skydiving,own-child,68004,-58423,07/25/14,Vehicle Theft,?,Minor Damage,Police,IL,Riverwood,4110 5th Ridge,2,2,YES,2,0,YES,35207,7760,5097,22350,Saab,Highlander,2009,N,0,
379,61,201906,02/28/14,IL,500/1000,500,1501.79,4000000,419364,MALE,MD,tech-support,board-games,other-relative,59746,-19728,04/11/14,Vehicle Theft,Side Collision,Minor Damage,,WV,Arlington,3803 5th Ridge,5,1,YES,0,2,YES,26338,1902,5261,19175,Accura,92x,2011,N,0,
3,25,401051,09/28/04,NY,100/300,1000,943.59,5000000,455972,FEMALE,PhD,machine-op-inspct,skydiving,other-relative,58863,-73534,01/10/15,Multi-vehicle Collision,?,Minor Damage,,WV,Columbus,1610 Elm Lane,11,2,NO,1,2,NO,58984,7874,7754,43356,Ford,F150,2001,N,0,
45,75,446333,01/14/93,NC,500/1000,1000,1779.1,4000000,699419,FEMALE,PhD,protective-serv,golf,unmarried,47086,-40443,04/22/15,Single Vehicle Collision,Front Collision,Minor Damage,Police,IN,Columbus,1976 Maple Drive,17,3,YES,1,2,YES,60146,4632,7684,47830,Chevrolet,RAM,2002,N,0,
337,25,215621,02/27/91,SC,250/500,2000,1415.06,3000000,584976,MALE,Associate,armed-forces,skydiving,husband,57956,-2164,10/06/15,Multi-vehicle Collision,Rear Collision,Major Damage,Fire,IN,Columbus,9179 3rd Hwy,22,2,?,0,2,YES,58578,10881,13220,34477,Nissan,Highlander,2007,N,0,
381,59,908564,11/20/05,NY,250/500,1000,1748.6,0,524652,FEMALE,Associate,tech-support,camping,unmarried,68669,-54487,06/29/14,Parked Car,?,Major Damage,Police,IN,Springfield,4977 4th St,22,3,NO,0,0,YES,23803,1728,3743,18332,Toyota,Civic,2015,N,0,
442,18,735051,12/15/05,OH,100/300,1000,1095.77,0,574254,FEMALE,MD,sales,golf,own-child,22797,-15504,09/25/15,Multi-vehicle Collision,Rear Collision,Major Damage,Police,IN,Springfield,2760 3rd Hwy,12,3,YES,2,2,?,22838,5029,4695,13114,Nissan,F150,2004,N,0,
120,62,845499,07/27/14,NY,500/1000,2000,912.07,5000000,431987,FEMALE,MD,sales,board-games,other-relative,53288,-53961,11/14/14,Vehicle Theft,Rear Collision,Major Damage,,VA,Arlington,2343 3rd Hwy,5,3,NO,0,1,NO,7634,741,1659,5234,Toyota,92x,2010,N,0,
407,22,942202,07/02/09,VA,500/1000,1000,1507.2,4000000,429719,MALE,Associate,protective-serv,dancing,unmarried,46403,-22995,09/20/14,Vehicle Theft,Side Collision,Major Damage,Ambulance,VA,Northbend,1580 4th St,8,3,NO,2,2,YES,107685,7248,8824,91613,Dodge,Pathfinder,2009,Y,1,
209,40,668778,08/17/95,VA,250/500,2000,1887.25,6000000,459640,FEMALE,High School,protective-serv,camping,wife,34016,-65194,01/29/15,Multi-vehicle Collision,?,Major Damage,Police,OH,Arlington,6786 1st Ave,1,2,NO,2,2,YES,38573,5822,4183,28568,Dodge,95,2004,N,0,
387,71,342655,04/10/95,NY,100/300,1000,1294.8,0,466696,MALE,Masters,sales,reading,unmarried,21700,-66793,03/23/14,Multi-vehicle Collision,Front Collision,Major Damage,Police,VA,Hillsdale,1967 5th Ridge,8,2,YES,2,3,YES,36141,6080,5942,24119,Accura,Camry,2001,N,0,
72,53,289737,08/04/93,OH,500/1000,500,1584.36,4000000,685384,MALE,High School,priv-house-serv,bungie-jumping,husband,222,-13826,09/11/14,Multi-vehicle Collision,Side Collision,Minor Damage,Police,OH,Northbend,9657 Maple Drive,23,3,YES,0,0,YES,13379,1087,844,11448,Ford,Camry,2015,N,0,
364,39,126816,12/05/00,NC,250/500,1000,1406.45,5000000,500128,FEMALE,Masters,armed-forces,bungie-jumping,wife,32195,-77061,09/12/15,Multi-vehicle Collision,Rear Collision,Minor Damage,Other,OH,Springfield,6060 4th St,4,1,NO,2,0,YES,13510,1331,2458,9721,Ford,A3,2008,N,0,
326,56,191815,01/12/96,IN,500/1000,1000,1572.88,0,600391,FEMALE,Associate,protective-serv,sleeping,other-relative,77807,-19153,05/14/15,Vehicle Theft,Rear Collision,Major Damage,,OH,Arlington,7373 4th St,4,2,YES,2,0,YES,11739,1391,1190,9158,Mercedes,Highlander,2000,N,0,
204,56,266665,12/08/06,NC,250/500,500,1758.67,0,566446,MALE,Associate,machine-op-inspct,skydiving,wife,30316,-75737,05/23/14,Multi-vehicle Collision,Side Collision,Minor Damage,,SC,Columbus,2347 1st Ave,21,1,NO,2,3,YES,113094,14732,9570,88792,Saab,Tahoe,2002,N,0,Outstanding support resolved issues immediately.
229,25,864027,08/17/10,WV,250/500,500,872.51,4000000,611762,MALE,MD,machine-op-inspct,skydiving,unmarried,79197,-35783,04/04/14,Multi-vehicle Collision,Front Collision,Minor Damage,Police,WV,Springfield,4275 3rd Hwy,8,3,NO,1,3,NO,50171,7945,6422,35804,Ford,Civic,2001,N,0,
87,47,499649,06/25/90,OH,500/1000,1000,1697.94,4000000,449167,FEMALE,PhD,priv-house-serv,camping,husband,11226,-16900,12/18/15,Multi-vehicle Collision,Front Collision,Minor Damage,,WV,Northbend,9612 4th St,5,1,YES,1,2,YES,115591,15234,16708,83649,Audi,F150,2006,Y,1,
197,30,552257,05/27/10,IN,250/500,500,1872.46,4000000,675221,FEMALE,High School,armed-forces,reading,own-child,51716,-45784,10/10/14,Vehicle Theft,Rear Collision,Minor Damage,Fire,SC,Northbend,7580 4th St,22,2,?,2,2,YES,86213,12595,12649,60969,Accura,F150,2013,N,0,
305,47,895241,08/15/13,OH,100/300,1000,1738.89,0,453455,FEMALE,High School,sales,skydiving,wife,35503,-71622,02/14/14,Single Vehicle Collision,Front Collision,Minor Damage,Police,IL,Riverwood,6393 3rd Hwy,15,3,YES,1,1,YES,40775,4552,7844,28379,Chevrolet,Civic,2009,N,0,Policy terms misrepresented during purchase.
402,32,174130,01/07/15,SC,250/500,1000,1939.97,5000000,639733,MALE,PhD,armed-forces,sleeping,wife,30505,-56264,09/27/14,Single Vehicle Collision,?,Total Loss,Police,SC,Columbus,2669 4th St,15,1,NO,2,1,YES,2439,434,435,1570,Honda,95,2009,N,0,
298,33,116494,03/05/12,VA,500/1000,2000,1251.04,3000000,504178,FEMALE,PhD,exec-managerial,reading,unmarried,34758,-54083,07/19/15,Single Vehicle Collision,Side Collision,Major Damage,Fire,IL,Hillsdale,9556 2nd Drive,19,3,YES,0,0,NO,106503,20833,14964,70706,Ford,RSX,2014,Y,1,
230,55,890373,06/06/15,OH,100/300,1000,1342.71,4000000,617180,MALE,High School,exec-managerial,reading,wife,21407,-21484,01/10/15,Multi-vehicle Collision,Front Collision,Minor Damage,Police,OH,Riverwood,8273 2nd Drive,22,2,NO,2,1,?,53358,3082,13042,37234,Honda,Camry,2008,N,0,
359,47,337426,05/29/04,IL,250/500,1000,1691.13,5000000,696197,MALE,PhD,exec-managerial,golf,unmarried,66284,-34963,10/23/15,Multi-vehicle Collision,Front Collision,Major Damage,Police,NC,Arlington,9620 Maple Drive,10,1,YES,1,0,NO,84906,4660,9901,70345,Audi,A5,2004,N,0,Unnecessary add-ons added without consent.
346,51,589236,09/02/96,VA,250/500,500,1031.44,6000000,593735,MALE,High School,armed-forces,golf,unmarried,32163,-48531,09/09/14,Single Vehicle Collision,Side Collision,Major Damage,,SC,Riverwood,4578 4th St,20,2,?,2,3,NO,79946,15695,7663,56588,Audi,Tahoe,2003,N,0,
472,25,676662,12/11/15,NC,100/300,500,1069.21,4000000,598069,FEMALE,Masters,priv-house-serv,board-games,other-relative,63593,-78126,02/17/14,Multi-vehicle Collision,Front Collision,Minor Damage,Police,IN,Springfield,7242 1st Ave,12,1,NO,0,2,?,43418,4236,10416,28766,Chevrolet,A5,2007,N,0,
391,38,942597,07/29/96,SC,500/1000,1000,1334.25,0,675563,FEMALE,Associate,exec-managerial,board-games,husband,45979,-72490,02/21/15,Multi-vehicle Collision,Rear Collision,Minor Damage,Police,IN,Columbus,3779 3rd Hwy,8,1,YES,2,0,YES,36673,2381,4708,29584,Accura,RSX,2008,N,0,
36,38,231863,04/02/14,IN,250/500,2000,1455.1,4000000,549637,MALE,Masters,tech-support,camping,unmarried,28396,-43889,09/12/14,Vehicle Theft,Rear Collision,Major Damage,,OH,Hillsdale,5883 Maple Drive,0,1,NO,0,0,YES,119799,12723,23992,83084,Chevrolet,RSX,2013,Y,1,
307,66,133544,04/29/12,IL,250/500,1000,1653.74,5000000,490072,FEMALE,Masters,tech-support,skydiving,wife,58941,-13336,10/23/15,Vehicle Theft,Side Collision,Major Damage,,NC,Arlington,1003 1st Ave,20,3,NO,2,1,YES,83364,18302,19011,46051,Audi,95,2001,Y,1,
355,40,196483,03/31/90,NY,500/1000,2000,1179.24,5000000,580963,FEMALE,PhD,armed-forces,bungie-jumping,unmarried,62315,-35723,02/10/14,Single Vehicle Collision,Side Collision,Major Damage,Other,NC,Northbend,9928 4th St,13,3,NO,1,3,?,101082,19377,5719,75986,Honda,Highlander,1996,Y,1,
480,60,310516,06/12/96,SC,500/1000,2000,1382.49,0,674578,MALE,High School,protective-serv,sleeping,own-child,32865,-24911,09/01/15,Vehicle Theft,Rear Collision,Minor Damage,Police,IN,Springfield,8047 Elm Lane,14,3,YES,0,2,YES,30268,2844,4132,23292,Accura,Camry,1999,N,0,
380,71,798308,04/19/95,WV,100/300,500,1178.06,4000000,626046,MALE,MD,protective-serv,camping,wife,8426,-35701,06/25/15,Multi-vehicle Collision,Front Collision,Major Damage,Other,IN,Columbus,6414 1st Ave,2,1,YES,0,3,?,36954,7967,6326,22661,Ford,RAM,1995,N,0,
275,26,399085,06/19/11,IN,250/500,500,1203.66,6000000,580615,FEMALE,Masters,machine-op-inspct,skydiving,own-child,5869,-8862,10/17/15,Single Vehicle Collision,Rear Collision,Major Damage,Police,IN,Northbend,1560 Maple Drive,16,1,NO,2,2,NO,15672,3889,2342,9441,Ford,A3,2015,N,0,
22,23,884003,09/22/04,IN,500/1000,2000,836.63,0,445709,FEMALE,Masters,sales,camping,husband,70964,-54959,08/15/14,Single Vehicle Collision,Front Collision,Major Damage,Police,IL,Springfield,7001 Elm Lane,5,1,NO,2,3,YES,27567,5235,4239,18093,Accura,Camry,2010,N,0,
110,66,204979,11/28/04,IN,100/300,1000,1767.91,6000000,610624,MALE,MD,exec-managerial,camping,husband,56441,-30691,01/31/15,Multi-vehicle Collision,Side Collision,Minor Damage,Police,IN,Hillsdale,8520 5th Ridge,1,2,YES,1,2,?,99823,17886,19763,62174,Accura,E400,2010,Y,1,Best company ever. Highly recommended!
381,37,163908,09/17/95,IL,100/300,1000,1583.31,0,614670,FEMALE,High School,exec-managerial,camping,husband,3207,-20030,03/25/15,Parked Car,Front Collision,Major Damage,Police,WV,Hillsdale,4590 1st Ave,9,3,NO,1,2,YES,74774,15186,6189,53399,Toyota,Highlander,2014,N,0,
271,37,261767,06/30/03,WV,100/300,500,1538.92,0,690481,FEMALE,High School,exec-managerial,sleeping,unmarried,75295,-44010,03/22/14,Single Vehicle Collision,?,Minor Damage,Police,OH,Columbus,9017 2nd Drive,8,1,?,0,3,?,119692,24749,20483,74460,Ford,RAM,2009,Y,1,
343,79,657528,06/19/09,OH,250/500,1000,1343.32,6000000,542123,MALE,Associate,armed-forces,bungie-jumping,husband,78042,-17866,01/10/14,Single Vehicle Collision,Front Collision,Minor Damage,Police,VA,Northbend,3696 Maple Drive,10,1,NO,1,3,NO,104639,14992,8313,81334,Nissan,F150,2000,N,0,
123,46,595310,03/22/12,NC,100/300,500,1596.79,5000000,430042,FEMALE,PhD,tech-support,board-games,unmarried,22225,-47586,07/13/15,Parked Car,Front Collision,Major Damage,Police,NY,Riverwood,4267 Maple Drive,16,2,NO,0,2,YES,100032,19667,7336,73029,Nissan,95,1998,N,0,Claims deliberately delayed.
396,56,242641,11/08/05,WV,250/500,500,1071.94,6000000,538673,FEMALE,MD,armed-forces,sleeping,wife,32435,-17158,07/07/15,Vehicle Theft,Front Collision,Total Loss,,IN,Springfield,1375 3rd Hwy,17,3,NO,1,1,NO,89403,9786,11714,67903,Chevrolet,A3,2007,Y,1,
42,29,383422,10/04/04,IN,250/500,2000,1285.15,4000000,493206,FEMALE,MD,tech-support,golf,wife,6857,-32403,01/13/15,Single Vehicle Collision,Side Collision,Minor Damage,Police,WV,Columbus,8558 2nd Drive,17,1,?,2,2,?,22174,2325,1692,18157,Chevrolet,RSX,2003,N,0,
486,33,784266,12/01/11,IL,100/300,500,876.13,0,623764,MALE,MD,armed-forces,sleeping,husband,77603,-50798,04/24/14,Multi-vehicle Collision,Rear Collision,Total Loss,Police,OH,Northbend,8510 Elm Lane,21,1,?,2,2,YES,4646,469,813,3364,Ford,RSX,2001,N,0,Professional courteous helpful team.
378,43,519662,01/27/10,OH,500/1000,1000,847.95,6000000,615530,MALE,Associate,armed-forces,reading,own-child,19479,-34532,02/18/15,Single Vehicle Collision,Side Collision,Total Loss,,NC,Arlington,8028 3rd Hwy,13,3,?,1,0,YES,33364,1692,6491,25181,Dodge,Highlander,2012,N,0,
342,19,516443,12/31/99,NY,250/500,1000,807.62,5000000,586051,FEMALE,PhD,machine-op-inspct,camping,other-relative,3621,-56524,01/21/14,Multi-vehicle Collision,Front Collision,Major Damage,,VA,Columbus,5429 3rd Hwy,12,2,YES,2,0,NO,50659,6894,5709,38056,Ford,A3,1996,N,0,
132,32,207144,12/24/11,IN,100/300,1000,1327.33,3000000,441438,MALE,Masters,tech-support,camping,unmarried,7018,-26356,01/22/14,Multi-vehicle Collision,?,Minor Damage,Ambulance,NY,Columbus,2929 5th Ridge,10,3,?,1,1,YES,95383,12333,17062,65988,Dodge,E400,2009,Y,1,Policy document was unclear. Multiple contacts needed for clarification.
399,79,747644,03/02/94,OH,250/500,2000,1948.4,0,439060,FEMALE,Masters,priv-house-serv,sleeping,own-child,18397,-18270,06/23/15,Multi-vehicle Collision,Front Collision,Total Loss,Police,IL,Riverwood,3097 Elm Lane,20,3,NO,2,3,?,2617,490,372,1755,Saab,Camry,1996,N,0,
157,63,970596,08/06/96,OH,500/1000,1000,931.43,4000000,456861,MALE,High School,machine-op-inspct,bungie-jumping,own-child,19334,-73103,03/30/15,Multi-vehicle Collision,Front Collision,Major Damage,,NY,Arlington,3503 5th Ridge,6,3,?,1,1,NO,88802,9146,20113,59543,Nissan,RAM,2014,N,0,
423,54,173352,01/02/01,SC,250/500,1000,1633.86,6000000,453820,MALE,PhD,protective-serv,camping,own-child,77442,-4350,06/08/15,Parked Car,Side Collision,Minor Damage,Other,IN,Columbus,3810 Maple Drive,3,2,?,0,0,?,38630,5006,6045,27579,Audi,Camry,2011,N,0,
494,54,565488,02/05/14,IN,250/500,2000,909.99,3000000,550721,FEMALE,Associate,armed-forces,sleeping,other-relative,1011,-38203,04/14/14,Single Vehicle Collision,Rear Collision,Minor Damage,Fire,SC,Riverwood,5618 5th Ridge,18,1,YES,1,2,YES,33208,3098,7111,22999,Accura,95,2004,N,0,
429,38,306380,06/19/10,SC,250/500,1000,1659.2,5000000,431355,FEMALE,High School,priv-house-serv,bungie-jumping,husband,18934,-28111,02/21/15,Single Vehicle Collision,Front Collision,Minor Damage,Other,WV,Columbus,6393 5th Ridge,14,3,NO,0,2,NO,52935,10149,6657,36129,Nissan,Tahoe,2010,N,0,
200,72,396471,06/17/00,IL,100/300,2000,1949.73,0,455975,MALE,PhD,tech-support,skydiving,wife,52953,-24488,05/07/15,Single Vehicle Collision,Side Collision,Major Damage,Police,IN,Springfield,5248 Elm Lane,3,1,YES,0,1,?,65007,4332,4540,56135,Nissan,RSX,2012,N,0,Support staff unprofessional consistently.
452,46,240413,04/23/13,IN,250/500,2000,1563.05,4000000,518850,MALE,High School,machine-op-inspct,golf,husband,48120,-22321,01/20/15,Parked Car,Side Collision,Major Damage,Police,IL,Columbus,6320 1st Ave,12,1,NO,2,0,YES,38664,4036,3013,31615,Chevrolet,A3,2004,N,0,
221,27,556245,07/11/00,NC,250/500,500,950.68,0,531623,FEMALE,MD,exec-managerial,camping,other-relative,52587,-51829,06/09/14,Multi-vehicle Collision,Side Collision,Major Damage,Police,SC,Springfield,8790 2nd Drive,5,3,NO,2,0,?,19996,2732,4695,12569,Nissan,Highlander,1998,N,0,
411,21,334007,03/20/95,VA,250/500,1000,1876.62,5000000,564992,FEMALE,High School,protective-serv,reading,own-child,2275,-54655,11/27/15,Vehicle Theft,Side Collision,Major Damage,Police,IN,Northbend,3739 Maple Drive,9,2,NO,1,3,NO,69556,11256,17008,41292,Honda,Highlander,2001,N,0,
460,53,709725,04/23/13,VA,250/500,2000,1214.92,4000000,402738,MALE,PhD,armed-forces,board-games,husband,15554,-36879,02/02/14,Single Vehicle Collision,Front Collision,Total Loss,Police,SC,Riverwood,3973 3rd Hwy,8,2,?,0,0,NO,101290,12111,22720,66459,Ford,95,2015,Y,1,
192,25,354637,07/30/13,SC,500/1000,1000,1152,0,458767,MALE,High School,tech-support,dancing,own-child,55620,-72382,02/11/14,Multi-vehicle Collision,Front Collision,Major Damage,Police,SC,Arlington,4658 3rd Hwy,7,3,YES,0,0,YES,88883,9359,6762,72762,Honda,92x,2006,Y,1,
395,47,495401,07/02/00,OH,500/1000,1000,902.31,0,408063,FEMALE,Associate,priv-house-serv,bungie-jumping,unmarried,14454,-60363,05/03/14,Single Vehicle Collision,Rear Collision,Minor Damage,Police,WV,Springfield,6806 5th Ridge,3,2,YES,1,2,?,115649,28612,15124,71913,Ford,Civic,2015,Y,1,
491,70,223959,03/18/90,OH,250/500,2000,1406.04,3000000,625636,MALE,High School,machine-op-inspct,camping,wife,45939,-46808,10/12/15,Single Vehicle Collision,Front Collision,Major Damage,Police,WV,Arlington,2251 Maple Drive,20,2,YES,0,3,YES,82939,16662,5985,60292,Saab,Civic,1996,N,0,
429,47,582970,05/27/96,WV,500/1000,1000,1218.91,6000000,483718,MALE,PhD,machine-op-inspct,skydiving,own-child,43545,-5857,12/16/14,Single Vehicle Collision,Front Collision,Major Damage,Police,IL,Columbus,6925 Elm Lane,9,2,NO,2,0,?,4518,412,466,3640,Toyota,F150,2001,N,0,Best decision switching companies.
102,55,920412,02/02/10,NY,100/300,2000,1796.17,5000000,629936,FEMALE,Masters,protective-serv,sleeping,husband,63369,-31356,08/22/14,Parked Car,Rear Collision,Total Loss,Police,NY,Arlington,7658 5th Ridge,4,3,NO,1,2,YES,112279,23383,23555,65341,Saab,92x,2005,Y,1,Should avoid this company completely.
234,64,557306,04/01/07,NY,250/500,2000,827.78,5000000,643240,FEMALE,Masters,priv-house-serv,bungie-jumping,wife,5302,-34648,09/09/14,Single Vehicle Collision,?,Major Damage,Police,SC,Hillsdale,2031 4th St,7,2,YES,1,0,YES,80975,15178,14216,51581,Honda,A3,2007,N,0,Claim settled within 2 days.
223,43,441714,09/11/11,VA,100/300,2000,1130.24,0,548274,MALE,Associate,machine-op-inspct,skydiving,other-relative,67305,-44764,10/04/14,Parked Car,Rear Collision,Minor Damage,Police,IN,Hillsdale,3655 5th Ridge,21,2,YES,2,2,NO,25033,2736,4624,17673,Mercedes,F150,2011,N,0,
107,43,694823,09/21/10,VA,100/300,1000,1851.55,0,588958,FEMALE,PhD,protective-serv,bungie-jumping,own-child,27812,-73489,03/17/15,Single Vehicle Collision,Rear Collision,Major Damage,Ambulance,IN,Springfield,5919 Elm Lane,1,3,YES,2,2,YES,42811,4118,5907,32786,Ford,RAM,2003,N,0,
110,22,606861,10/24/99,IL,100/300,1000,1221.79,5000000,589415,FEMALE,High School,exec-managerial,skydiving,other-relative,34136,-22280,11/07/14,Vehicle Theft,Front Collision,Minor Damage,Police,NC,Hillsdale,5427 4th St,12,2,YES,2,1,NO,47746,8061,8156,31529,Toyota,A3,2006,N,0,
33,61,353442,03/03/93,VA,250/500,500,1738.01,5000000,409124,MALE,Associate,armed-forces,sleeping,husband,29250,-38969,09/15/14,Single Vehicle Collision,Side Collision,Major Damage,,WV,Springfield,9592 2nd Drive,18,1,YES,2,2,NO,80525,13803,17661,49061,Ford,E400,1997,N,0,
347,18,465611,01/10/15,NC,250/500,500,1901.82,4000000,437515,FEMALE,Masters,priv-house-serv,golf,unmarried,42117,-8888,07/26/14,Multi-vehicle Collision,Side Collision,Total Loss,,NC,Hillsdale,3833 5th Ridge,1,2,YES,2,0,YES,46118,4319,2781,39018,Saab,RSX,2008,N,0,
40,35,790670,08/23/90,NY,100/300,2000,1471.15,0,434793,MALE,High School,machine-op-inspct,reading,husband,14480,-78387,07/23/15,Vehicle Theft,Front Collision,Minor Damage,Fire,NY,Arlington,4009 5th Ridge,4,1,NO,2,2,?,103420,10480,14377,78563,Dodge,Camry,2004,Y,1,
63,34,181370,11/03/11,IN,100/300,2000,1708.1,5000000,477052,MALE,Masters,exec-managerial,skydiving,own-child,50689,-48858,12/05/15,Single Vehicle Collision,Front Collision,Minor Damage,Other,NC,Northbend,7135 2nd Drive,1,1,NO,2,1,?,80339,7868,4331,68140,Dodge,RAM,2014,N,0,
69,25,493825,12/11/98,VA,250/500,1000,1559.62,4000000,404250,MALE,PhD,priv-house-serv,golf,unmarried,2299,-77764,07/06/15,Single Vehicle Collision,?,Minor Damage,,WV,Springfield,3366 3rd Hwy,19,2,NO,0,0,NO,10676,2560,1057,7059,Audi,Civic,2006,N,0,
260,64,967234,11/27/99,VA,250/500,1000,1304.51,6000000,571023,MALE,High School,sales,sleeping,wife,48683,-57631,05/25/15,Single Vehicle Collision,?,Minor Damage,Police,NY,Springfield,4766 3rd Hwy,19,2,YES,2,1,?,2490,507,591,1392,Mercedes,F150,2007,N,0,
135,67,867927,12/25/05,NC,100/300,500,848,5000000,442717,FEMALE,PhD,machine-op-inspct,reading,unmarried,12660,-14333,01/25/15,Single Vehicle Collision,Front Collision,Minor Damage,Police,NC,Northbend,4651 2nd Drive,3,3,YES,2,0,?,62338,9794,14865,37679,Chevrolet,RAM,2010,Y,1,
227,25,863951,12/28/92,IL,100/300,500,922.99,5000000,625649,MALE,Associate,sales,camping,husband,49461,-57596,12/01/14,Multi-vehicle Collision,Front Collision,Major Damage,,WV,Columbus,6394 3rd Hwy,5,2,NO,1,2,YES,112804,17505,17914,77385,Ford,Pathfinder,1996,Y,1,
388,50,424419,05/27/96,NY,100/300,2000,1553.75,5000000,504659,MALE,Masters,machine-op-inspct,sleeping,other-relative,47919,-58932,06/11/15,Multi-vehicle Collision,Side Collision,Total Loss,Police,VA,Hillsdale,9027 3rd Hwy,21,2,?,1,1,YES,62165,3660,5214,53291,Audi,F150,2007,N,0,
180,32,844226,08/14/05,WV,100/300,500,1222.71,0,466134,MALE,Associate,protective-serv,bungie-jumping,unmarried,7338,-66326,09/14/14,Single Vehicle Collision,Front Collision,Major Damage,Other,IL,Columbus,3398 3rd Hwy,8,2,NO,1,1,NO,31136,2265,2193,26678,Mercedes,Camry,2011,N,0,
115,33,279234,01/08/93,NY,500/1000,500,1142.35,4000000,518164,FEMALE,High School,protective-serv,reading,other-relative,21680,-47029,01/14/15,Single Vehicle Collision,Front Collision,Minor Damage,Police,NY,Northbend,4156 1st Ave,15,3,YES,1,1,?,61794,4628,13206,43960,Accura,92x,1999,Y,1,
39,27,892378,05/03/08,NY,100/300,2000,1894.83,6000000,653572,FEMALE,MD,priv-house-serv,golf,unmarried,24794,-50040,05/15/15,Multi-vehicle Collision,Front Collision,Minor Damage,Fire,OH,Hillsdale,7707 2nd Drive,17,2,?,0,2,YES,41795,6978,4080,30737,Saab,95,1998,N,0,
211,46,346296,07/17/91,NY,100/300,500,1570.64,0,456435,MALE,Associate,sales,sleeping,husband,3613,-17507,01/30/14,Multi-vehicle Collision,?,Minor Damage,,IL,Riverwood,9632 1st Ave,5,2,YES,2,0,YES,73545,9112,8258,56175,Chevrolet,E400,2013,N,0,
408,77,177006,12/07/10,IL,250/500,500,1799.96,0,584044,MALE,Associate,exec-managerial,bungie-jumping,wife,49399,-7265,08/11/14,Single Vehicle Collision,Front Collision,Major Damage,Police,VA,Riverwood,2686 1st Ave,6,2,NO,1,0,NO,104443,5612,8696,90135,Accura,RAM,2011,N,0,
229,57,175246,05/05/14,NY,500/1000,500,899.66,0,666456,MALE,PhD,exec-managerial,reading,husband,56362,-64668,03/06/14,Multi-vehicle Collision,Side Collision,Major Damage,Police,NC,Riverwood,5036 Elm Lane,23,2,YES,0,1,NO,21063,2916,2748,15399,Audi,Tahoe,2003,N,0,
134,18,798613,07/12/07,IL,250/500,1000,1050.39,4000000,554739,FEMALE,Associate,machine-op-inspct,skydiving,other-relative,49826,-76422,06/03/14,Single Vehicle Collision,Front Collision,Major Damage,Police,IL,Hillsdale,9150 2nd Drive,12,1,NO,0,0,YES,39482,1976,2741,34765,Mercedes,Civic,2010,N,0,
155,33,686506,09/14/94,IN,100/300,500,1161.49,3000000,536152,FEMALE,High School,sales,golf,wife,63519,-2687,06/20/14,Multi-vehicle Collision,Rear Collision,Minor Damage,Other,VA,Arlington,4692 Maple Drive,1,3,YES,2,0,YES,24297,3948,4632,15717,Accura,92x,1995,N,0,
9,36,812528,12/22/90,SC,100/300,1000,1643.84,0,698922,MALE,Masters,priv-house-serv,skydiving,other-relative,31804,-39029,07/31/14,Multi-vehicle Collision,Side Collision,Major Damage,Police,WV,Hillsdale,7399 5th Ridge,19,3,NO,2,0,NO,58518,10830,14398,33290,Toyota,RAM,2004,N,0,
89,29,316052,01/21/94,NC,250/500,2000,1768.86,5000000,538899,FEMALE,MD,machine-op-inspct,camping,other-relative,59670,-7016,10/27/15,Parked Car,Rear Collision,Major Damage,Fire,NY,Riverwood,6633 Maple Drive,20,3,NO,0,0,YES,81887,13976,5035,62876,Audi,RSX,1999,N,0,
52,28,659121,04/11/02,IN,100/300,1000,1411.15,5000000,559152,FEMALE,Masters,sales,golf,wife,24975,-35520,08/24/14,Multi-vehicle Collision,Rear Collision,Minor Damage,Fire,VA,Riverwood,3596 3rd Hwy,4,1,YES,2,3,YES,49006,8893,9270,30843,Ford,A5,2006,N,0,
134,79,459605,07/15/98,SC,100/300,2000,1696.68,0,423335,MALE,High School,exec-managerial,sleeping,wife,47899,-24318,03/11/15,Single Vehicle Collision,?,Minor Damage,Police,OH,Columbus,5334 2nd Drive,10,2,?,1,3,YES,62443,3326,13232,45885,Nissan,95,2013,N,0,
471,58,612914,10/04/05,IN,100/300,500,1557.4,6000000,485850,FEMALE,High School,exec-managerial,golf,husband,63005,-41410,10/26/15,Multi-vehicle Collision,Rear Collision,Minor Damage,Other,VA,Columbus,5934 5th Ridge,6,1,NO,0,2,?,9784,666,496,8622,Honda,RAM,1998,N,0,
426,29,364875,04/02/06,NY,100/300,1000,1320.72,6000000,645431,FEMALE,Associate,armed-forces,camping,wife,43038,-69675,10/31/14,Multi-vehicle Collision,Rear Collision,Total Loss,,WV,Riverwood,1308 3rd Hwy,6,3,NO,1,1,NO,50208,5775,11956,32477,Audi,RAM,2011,N,0,
378,50,917233,04/05/93,SC,250/500,1000,1927.59,0,633172,MALE,High School,tech-support,dancing,wife,57218,-40197,07/27/14,Vehicle Theft,Front Collision,Minor Damage,Police,IN,Hillsdale,4691 2nd Drive,17,1,NO,1,0,YES,36989,5266,5592,26131,Chevrolet,Civic,1998,N,0,
497,38,333218,12/17/14,WV,100/300,500,1989.14,6000000,676903,MALE,MD,sales,dancing,unmarried,29188,-59549,11/12/15,Vehicle Theft,Rear Collision,Minor Damage,Police,NY,Hillsdale,4528 4th St,10,2,?,1,2,YES,26523,4667,2095,19761,Audi,92x,2000,N,0,
155,38,823461,05/24/02,SC,100/300,1000,1575.44,5000000,678949,FEMALE,Masters,sales,sleeping,other-relative,7963,-71550,12/10/14,Parked Car,Front Collision,Major Damage,Police,NY,Columbus,1668 2nd Drive,19,2,NO,0,2,YES,46566,5570,3653,37343,Saab,A3,2012,N,0,
185,42,928972,06/29/15,WV,100/300,1000,925.41,5000000,451415,FEMALE,Masters,sales,golf,other-relative,50134,-44075,02/20/14,Single Vehicle Collision,Front Collision,Major Damage,,NY,Springfield,4196 4th St,10,2,YES,2,0,YES,57038,2961,5186,48891,Dodge,A5,2002,N,0,
19,76,880284,11/06/04,NC,250/500,500,1473.83,4000000,642164,FEMALE,High School,armed-forces,dancing,other-relative,19274,-75649,04/01/14,Multi-vehicle Collision,Front Collision,Minor Damage,Police,NY,Hillsdale,9935 5th Ridge,9,3,NO,0,3,NO,42390,5027,10090,27273,Honda,Camry,2005,N,0,
231,71,979711,03/15/09,WV,500/1000,2000,1627.26,6000000,509953,MALE,Associate,tech-support,reading,unmarried,30509,-560,12/12/14,Single Vehicle Collision,Side Collision,Major Damage,Police,WV,Riverwood,9705 1st Ave,10,3,NO,1,0,YES,56166,11619,7299,37248,Audi,RAM,2008,N,0,
258,52,836727,01/20/03,VA,100/300,2000,1545.65,0,640770,FEMALE,Associate,priv-house-serv,dancing,unmarried,67992,-16049,01/26/14,Vehicle Theft,Front Collision,Minor Damage,Fire,OH,Arlington,8961 5th Ridge,0,3,YES,1,0,YES,22475,2376,2205,17894,Ford,95,2014,N,0,
168,35,783516,08/09/06,VA,500/1000,1000,1334.34,5000000,507405,MALE,Associate,exec-managerial,sleeping,husband,7242,-30167,06/06/14,Multi-vehicle Collision,Front Collision,Major Damage,Police,NC,Arlington,5146 Elm Lane,8,3,NO,0,1,YES,115771,14699,14475,86597,Saab,Highlander,2005,Y,1,
334,72,747558,07/21/92,IN,100/300,500,1360.15,6000000,581752,FEMALE,Associate,machine-op-inspct,skydiving,unmarried,8993,-42126,12/09/14,Single Vehicle Collision,Rear Collision,Minor Damage,Police,IL,Columbus,2480 4th St,20,2,YES,0,2,NO,108018,11984,10611,85423,Chevrolet,E400,2006,Y,1,
183,31,925511,12/16/00,OH,100/300,1000,1701.99,0,414419,FEMALE,Associate,tech-support,camping,unmarried,45947,-56139,01/16/14,Parked Car,Front Collision,Major Damage,Police,WV,Riverwood,4014 5th Ridge,23,1,NO,1,0,YES,116408,11093,16127,89188,Dodge,RSX,1998,N,0,
224,19,367107,09/08/93,NC,250/500,1000,1910.92,4000000,413740,FEMALE,Associate,tech-support,bungie-jumping,wife,51315,-75287,08/01/15,Vehicle Theft,?,Total Loss,,IL,Columbus,7856 2nd Drive,15,1,NO,1,0,YES,88429,18199,5925,64305,Ford,RAM,2003,Y,1,
343,25,302265,09/01/06,OH,100/300,1000,952.17,0,467558,FEMALE,Associate,machine-op-inspct,golf,unmarried,59826,-10450,01/31/14,Single Vehicle Collision,Side Collision,Major Damage,Other,SC,Arlington,4222 5th Ridge,19,2,YES,0,1,YES,101462,19594,18503,63365,Ford,Pathfinder,2002,Y,1,
347,50,539450,09/08/00,WV,100/300,1000,1531.7,0,662934,FEMALE,Associate,tech-support,board-games,wife,46861,-15168,09/17/14,Multi-vehicle Collision,?,Minor Damage,Fire,NC,Hillsdale,5439 2nd Drive,11,2,NO,2,2,NO,73624,10822,9201,53601,Chevrolet,A3,1999,N,0,
367,65,108056,01/15/94,WV,250/500,500,1533.37,4000000,452574,MALE,High School,sales,camping,other-relative,8454,-47063,04/06/15,Parked Car,Front Collision,Major Damage,Police,OH,Springfield,1415 2nd Drive,18,1,?,0,2,YES,34641,2439,3575,28627,Audi,A5,1996,N,0,Worst decision to buy here.
345,32,747621,11/29/10,IL,500/1000,500,951.01,0,551848,FEMALE,High School,exec-managerial,skydiving,husband,8920,-10866,04/25/14,Vehicle Theft,?,Major Damage,Police,OH,Columbus,9262 Elm Lane,20,2,YES,0,2,YES,13443,2402,2392,8649,Chevrolet,RAM,2005,N,0,
159,53,399389,08/04/93,VA,100/300,2000,824.33,3000000,422458,FEMALE,Associate,protective-serv,sleeping,husband,24073,-60724,02/18/15,Vehicle Theft,Side Collision,Major Damage,,IL,Hillsdale,6127 4th St,17,3,YES,2,3,YES,90768,9949,9125,71694,Saab,Civic,2014,Y,1,
114,35,701142,09/10/00,NC,100/300,2000,1030.82,0,561353,MALE,Associate,priv-house-serv,camping,unmarried,44937,-74074,07/09/14,Vehicle Theft,Front Collision,Minor Damage,Police,NC,Arlington,2341 Elm Lane,20,1,NO,1,1,YES,26147,4362,2963,18822,Audi,E400,2012,N,0,Would give zero stars if possible.
73,23,266660,06/26/01,VA,250/500,2000,1788.99,4000000,564720,MALE,High School,machine-op-inspct,golf,unmarried,38039,-73498,10/08/15,Single Vehicle Collision,?,Minor Damage,,VA,Arlington,4082 3rd Hwy,12,2,NO,1,2,NO,74732,12786,16740,45206,Saab,92x,2000,N,0,
162,57,990830,04/26/03,NY,100/300,500,1640.01,6000000,696948,FEMALE,High School,machine-op-inspct,reading,unmarried,8823,-24454,03/15/15,Multi-vehicle Collision,Front Collision,Major Damage,Police,OH,Northbend,7381 Maple Drive,23,2,YES,2,3,YES,47499,6091,4990,36418,Toyota,Camry,2013,N,0,
354,46,240909,06/11/95,NY,100/300,1000,1781.74,4000000,600044,FEMALE,MD,priv-house-serv,sleeping,unmarried,18496,-9790,12/04/14,Multi-vehicle Collision,?,Major Damage,Police,NC,Springfield,5785 1st Ave,9,2,NO,0,1,YES,60879,7843,4228,48808,Saab,A5,1997,N,0,
421,41,361686,09/21/13,SC,250/500,500,1405.74,4000000,430777,MALE,High School,priv-house-serv,camping,wife,23852,-2729,05/29/15,Multi-vehicle Collision,Front Collision,Total Loss,Police,VA,Columbus,2163 4th St,0,3,NO,0,1,YES,94923,12790,7227,74906,Dodge,Tahoe,2011,Y,1,
220,79,987983,08/15/93,SC,500/1000,1000,1104.2,3000000,640795,FEMALE,Masters,priv-house-serv,bungie-jumping,wife,253,-44812,09/12/15,Single Vehicle Collision,Front Collision,Total Loss,Police,WV,Arlington,5299 1st Ave,4,3,NO,0,1,YES,91005,21698,15909,53398,Mercedes,RAM,1995,Y,1,
39,77,209501,06/25/10,VA,250/500,500,1984.88,4000000,474738,FEMALE,Masters,machine-op-inspct,board-games,wife,7359,-71341,03/02/14,Vehicle Theft,Front Collision,Total Loss,Police,NY,Riverwood,9737 Maple Drive,21,2,YES,1,2,YES,50525,6426,11671,32428,Honda,Tahoe,1995,Y,1,
458,75,264752,02/19/06,VA,100/300,1000,1995.55,0,575775,MALE,PhD,tech-support,reading,wife,73746,-36270,08/05/15,Parked Car,?,Major Damage,Other,SC,Columbus,5607 1st Ave,12,1,YES,0,0,YES,99717,20237,23808,55672,Nissan,A3,2009,N,0,
412,30,291261,01/18/05,IL,100/300,1000,1133.08,5000000,531013,MALE,High School,tech-support,golf,husband,15794,-43514,07/13/15,Parked Car,Front Collision,Minor Damage,Police,NY,Hillsdale,2090 Maple Drive,16,1,YES,0,2,YES,107019,16355,22134,68530,Saab,E400,2003,Y,1,
205,52,424454,08/15/97,NC,250/500,1000,1169.47,5000000,412778,MALE,Associate,priv-house-serv,skydiving,wife,8895,-22313,12/05/14,Parked Car,Rear Collision,Minor Damage,,IN,Arlington,4240 1st Ave,17,3,NO,0,0,YES,116065,8194,10504,97367,Audi,RSX,2006,Y,1,
308,42,307836,01/11/00,WV,100/300,2000,1982.85,0,591498,FEMALE,Associate,machine-op-inspct,bungie-jumping,other-relative,58929,-74298,06/09/14,Multi-vehicle Collision,Rear Collision,Minor Damage,,IN,Northbend,7041 4th St,2,2,YES,1,1,YES,84582,10675,6190,67717,Dodge,E400,2009,N,0,
14,32,131273,05/28/02,NY,250/500,1000,1894.51,4000000,639385,FEMALE,High School,priv-house-serv,board-games,unmarried,75162,-68104,02/07/15,Single Vehicle Collision,Side Collision,Minor Damage,Police,SC,Springfield,3296 4th St,3,3,YES,2,1,YES,108524,23605,10251,74668,Audi,RAM,2013,Y,1,
206,51,773102,10/26/06,WV,250/500,2000,1107.94,4000000,441315,FEMALE,MD,armed-forces,skydiving,wife,31888,-62766,09/26/14,Multi-vehicle Collision,Front Collision,Minor Damage,Police,NC,Riverwood,5144 2nd Drive,13,1,NO,0,1,NO,40840,9991,4252,26597,Accura,A3,2011,N,0,
363,54,730239,11/06/02,IN,250/500,1000,1823.54,6000000,524360,FEMALE,MD,sales,dancing,own-child,17948,-77847,09/08/14,Multi-vehicle Collision,Front Collision,Major Damage,Police,WV,Northbend,4800 1st Ave,18,1,NO,2,1,YES,52005,4460,10685,36860,Toyota,Tahoe,2011,N,0,
372,69,895322,10/08/93,IN,100/300,2000,1987.13,0,551552,FEMALE,High School,tech-support,board-games,wife,59976,-79106,02/16/15,Parked Car,Side Collision,Major Damage,Other,SC,Hillsdale,8628 2nd Drive,5,2,NO,0,3,NO,63280,15558,9807,37915,Dodge,E400,2007,N,0,
492,49,539016,09/18/94,NY,500/1000,1000,1790.54,6000000,609868,FEMALE,Masters,tech-support,reading,husband,21762,-13786,07/17/15,Parked Car,Front Collision,Major Damage,Police,WV,Northbend,9615 1st Ave,20,2,?,0,1,YES,41394,4241,3760,33393,Nissan,A5,2004,N,0,
251,54,142971,01/27/11,IN,100/300,500,880.74,6000000,589803,FEMALE,MD,exec-managerial,dancing,husband,35804,-49475,02/22/15,Vehicle Theft,Rear Collision,Total Loss,Police,OH,Columbus,3664 1st Ave,16,3,NO,2,2,YES,88062,4496,18871,64695,Chevrolet,Pathfinder,2008,Y,1,
233,78,213529,01/05/90,NC,250/500,1000,1367.19,6000000,431387,FEMALE,MD,machine-op-inspct,skydiving,husband,14593,-21867,03/08/15,Parked Car,?,Major Damage,,WV,Northbend,1077 Elm Lane,8,2,YES,1,0,YES,16089,1736,1469,12884,Audi,95,1998,N,0,
269,27,593240,07/06/02,IN,100/300,2000,1778.03,0,433821,MALE,High School,sales,camping,husband,59505,-75796,06/11/14,Single Vehicle Collision,Front Collision,Minor Damage,,VA,Riverwood,9272 1st Ave,6,2,YES,0,2,YES,14332,1348,924,12060,Toyota,RAM,2011,N,0,
476,18,341958,09/25/95,SC,250/500,500,823.94,3000000,532811,MALE,Masters,machine-op-inspct,dancing,wife,14139,-21409,05/03/15,Vehicle Theft,Rear Collision,Minor Damage,Other,NC,Columbus,5899 2nd Drive,9,1,?,2,1,YES,3698,709,924,2065,Ford,Tahoe,2004,N,0,
62,28,298107,07/09/90,IL,100/300,500,1669.58,5000000,566166,FEMALE,Masters,exec-managerial,sleeping,husband,57036,-9871,09/05/15,Multi-vehicle Collision,?,Minor Damage,Police,SC,Arlington,8438 2nd Drive,20,1,YES,2,1,YES,68851,12554,11217,45080,Audi,Highlander,2000,N,0,
82,37,149372,02/07/02,SC,250/500,1000,1494.35,0,647527,FEMALE,Masters,machine-op-inspct,reading,wife,1162,-40799,04/22/15,Multi-vehicle Collision,?,Minor Damage,Police,IN,Hillsdale,4671 1st Ave,2,1,YES,1,3,?,57190,7372,12996,36822,Toyota,Pathfinder,2000,N,0,
400,35,349287,09/10/02,WV,250/500,1000,1475.98,6000000,644833,MALE,Associate,armed-forces,board-games,other-relative,25634,-29379,01/04/15,Vehicle Theft,Front Collision,Major Damage,Fire,IL,Riverwood,9748 Elm Lane,23,3,YES,2,1,YES,21048,1715,4794,14539,Mercedes,Highlander,2000,N,0,
107,42,979035,01/20/00,SC,100/300,1000,1457.63,3000000,589247,FEMALE,Masters,exec-managerial,bungie-jumping,other-relative,57543,-69365,08/17/14,Vehicle Theft,Front Collision,Minor Damage,Police,SC,Arlington,3882 3rd Hwy,8,2,?,1,2,YES,101579,6016,24847,70716,Nissan,Highlander,2014,Y,1,
316,58,832829,09/16/13,WV,250/500,500,1445.44,4000000,618882,FEMALE,PhD,exec-managerial,golf,unmarried,70960,-22611,07/04/15,Multi-vehicle Collision,Front Collision,Minor Damage,Police,NY,Northbend,4732 Maple Drive,2,3,NO,1,1,NO,63463,15638,4579,43246,Ford,RAM,1995,N,0,
171,63,375614,03/09/07,IN,250/500,2000,1349.68,3000000,557312,MALE,Associate,exec-managerial,board-games,own-child,36985,-31901,08/31/15,Vehicle Theft,Front Collision,Minor Damage,Police,SC,Riverwood,4806 1st Ave,2,1,YES,1,3,YES,83949,4439,19448,60062,Nissan,Tahoe,2003,N,0,
377,60,549152,08/17/01,IL,500/1000,2000,849.74,3000000,430791,MALE,MD,exec-managerial,dancing,unmarried,66013,-443,06/25/15,Multi-vehicle Collision,Side Collision,Major Damage,Police,OH,Springfield,2639 Elm Lane,17,3,YES,0,3,NO,112457,13198,13862,85397,Ford,RAM,1997,Y,1,
203,64,156623,07/17/08,VA,250/500,1000,1734.38,0,539648,MALE,MD,sales,skydiving,husband,46358,-36686,06/09/15,Multi-vehicle Collision,Side Collision,Major Damage,Police,VA,Northbend,3124 4th St,23,3,?,0,2,YES,69468,17057,16539,35872,Dodge,Pathfinder,1999,N,0,Policy terms reasonable. Standard processing.
82,50,778500,12/19/92,NC,100/300,500,998.2,0,681430,MALE,Masters,tech-support,skydiving,unmarried,40612,-33472,04/24/15,Multi-vehicle Collision,Rear Collision,Minor Damage,Police,WV,Columbus,3110 5th Ridge,3,3,?,2,3,NO,110694,22018,22098,66578,Chevrolet,A3,2010,Y,1,
449,63,884261,08/29/13,WV,250/500,2000,1350.27,5000000,576660,FEMALE,High School,exec-managerial,reading,unmarried,20025,-32228,05/12/14,Vehicle Theft,Front Collision,Minor Damage,Police,NC,Northbend,2953 Elm Lane,15,1,YES,1,1,YES,111155,7462,10937,92756,Saab,Highlander,2010,Y,1,
5,72,522617,08/28/03,OH,250/500,500,1838.29,3000000,491753,FEMALE,PhD,armed-forces,dancing,other-relative,25706,-68242,04/10/14,Multi-vehicle Collision,Front Collision,Major Damage,Police,VA,Riverwood,9472 Elm Lane,2,3,YES,2,2,?,8160,794,942,6424,Nissan,Tahoe,2004,N,0,
486,53,592053,09/17/96,SC,250/500,1000,1154.17,0,638179,MALE,High School,sales,dancing,other-relative,72441,-31096,04/05/15,Single Vehicle Collision,Rear Collision,Minor Damage,Police,SC,Northbend,4290 4th St,8,2,YES,1,1,NO,108793,11712,25955,71126,Toyota,92x,1998,Y,1,
23,67,565945,06/29/98,OH,250/500,1000,1509.82,5000000,651768,FEMALE,Masters,priv-house-serv,sleeping,other-relative,21241,-55134,06/15/14,Single Vehicle Collision,Front Collision,Major Damage,Police,IN,Northbend,2357 2nd Drive,12,3,YES,2,0,YES,108708,8421,7384,92903,Honda,95,2002,Y,1,Unhappy service quality.
255,52,613275,01/06/12,VA,100/300,1000,1513.6,0,675920,MALE,Masters,machine-op-inspct,bungie-jumping,unmarried,22725,-76619,06/10/15,Multi-vehicle Collision,Side Collision,Minor Damage,,IN,Arlington,4451 4th St,5,3,YES,2,0,YES,17517,1184,3288,13045,Mercedes,92x,1999,N,0,
456,39,208411,07/08/95,WV,100/300,500,1897.63,0,525195,MALE,Associate,priv-house-serv,board-games,other-relative,35030,-14082,01/30/14,Single Vehicle Collision,?,Minor Damage,Police,VA,Columbus,3025 5th Ridge,1,1,?,1,1,NO,15242,1364,3017,10861,Nissan,F150,1997,N,0,
348,35,445147,06/14/01,IN,500/1000,1000,855.49,6000000,464669,MALE,PhD,exec-managerial,dancing,unmarried,46120,-46782,07/16/14,Multi-vehicle Collision,?,Minor Damage,Police,IN,Northbend,7948 Elm Lane,17,1,YES,1,2,YES,78980,13508,4093,61379,Chevrolet,E400,1995,N,0,
111,70,457718,01/30/14,OH,100/300,500,1492.35,5000000,400388,MALE,Masters,machine-op-inspct,camping,husband,39868,-18759,08/24/14,Single Vehicle Collision,Front Collision,Major Damage,Police,VA,Arlington,9483 3rd Hwy,1,2,?,1,1,NO,91955,20179,8592,63184,Dodge,RSX,2009,N,0,
314,71,694156,09/20/94,VA,500/1000,1000,1482.62,5000000,405438,FEMALE,PhD,sales,camping,unmarried,19276,-18916,03/03/14,Single Vehicle Collision,Front Collision,Total Loss,Police,VA,Columbus,6381 4th St,20,1,NO,0,0,YES,85578,5237,15803,64538,Audi,95,2003,N,0,
105,30,661410,06/06/05,IN,250/500,500,1001.74,3000000,546170,FEMALE,PhD,exec-managerial,skydiving,husband,39110,-79983,01/31/14,Vehicle Theft,Rear Collision,Total Loss,Police,IL,Arlington,9513 Maple Drive,3,3,YES,1,0,YES,101355,9930,8004,83421,Dodge,Pathfinder,1999,Y,1,Insurance premium doubled suddenly.
430,44,373181,09/06/04,OH,500/1000,1000,1206.22,5000000,462466,FEMALE,Associate,exec-managerial,dancing,own-child,9650,-73850,01/04/14,Parked Car,Front Collision,Total Loss,Police,VA,Northbend,1830 5th Ridge,5,3,YES,1,1,?,14878,2395,2463,10020,Toyota,RSX,2012,N,0,
34,56,317830,11/11/05,SC,100/300,1000,1440.5,6000000,644590,MALE,Associate,exec-managerial,dancing,husband,35101,-47480,12/12/14,Parked Car,Side Collision,Major Damage,Police,IL,Hillsdale,5033 Maple Drive,14,3,NO,0,3,?,89910,15167,14778,59965,Dodge,92x,1995,Y,1,
54,40,632998,08/21/05,VA,100/300,500,1242.9,5000000,587168,MALE,High School,priv-house-serv,dancing,husband,10246,-5458,06/23/15,Multi-vehicle Collision,Rear Collision,Total Loss,Police,VA,Arlington,7339 4th St,0,1,NO,2,3,NO,83385,20632,11247,51506,Mercedes,Civic,2005,N,0,Poor experience overall.
354,49,744076,04/04/95,WV,500/1000,500,1461.35,4000000,686162,MALE,High School,tech-support,dancing,other-relative,57207,-69750,10/13/15,Single Vehicle Collision,Side Collision,Total Loss,Police,IL,Riverwood,4726 2nd Drive,0,2,?,2,0,NO,115452,19880,19813,75759,Ford,Civic,1997,Y,1,
281,67,323486,10/09/92,IN,250/500,500,1871.82,5000000,546432,FEMALE,MD,machine-op-inspct,dancing,wife,63005,-8519,08/20/15,Single Vehicle Collision,Front Collision,Total Loss,Police,NC,Arlington,6490 4th St,23,2,NO,2,0,YES,47422,4760,7748,34914,Chevrolet,A3,2009,N,0,
372,33,930842,01/15/94,WV,100/300,1000,1620.03,4000000,484478,FEMALE,PhD,machine-op-inspct,reading,husband,78635,-31967,12/06/14,Multi-vehicle Collision,Front Collision,Major Damage,Other,IL,Springfield,5813 4th St,22,3,YES,2,2,NO,71044,12019,6849,52176,Dodge,Civic,2009,N,0,
404,62,482572,10/07/98,OH,500/1000,1000,1082.47,5000000,579176,FEMALE,Masters,tech-support,skydiving,other-relative,4683,-62549,06/13/15,Parked Car,Front Collision,Major Damage,Police,IN,Hillsdale,5992 5th Ridge,10,2,NO,1,2,YES,67653,6732,13634,47287,Chevrolet,Camry,2001,N,0,
42,43,995524,05/14/09,VA,250/500,1000,1203.71,3000000,651920,FEMALE,MD,sales,golf,unmarried,61565,-27505,07/28/15,Vehicle Theft,Front Collision,Total Loss,Police,NC,Arlington,8381 1st Ave,5,1,YES,0,2,NO,75168,12703,17655,44810,Chevrolet,F150,1997,Y,1,
387,37,315033,09/07/00,SC,250/500,1000,1257.19,6000000,480457,FEMALE,MD,priv-house-serv,dancing,husband,17391,-61792,03/24/14,Multi-vehicle Collision,Front Collision,Minor Damage,Police,VA,Northbend,2807 1st Ave,21,3,YES,1,3,NO,64683,8669,14482,41532,Honda,RSX,1998,N,0,
188,21,560310,04/17/04,NC,100/300,1000,1126.18,4000000,563731,FEMALE,High School,sales,board-games,husband,37161,-74543,04/25/14,Vehicle Theft,Side Collision,Major Damage,Other,SC,Arlington,4164 Elm Lane,1,3,YES,2,1,NO,37959,4770,6602,26587,Honda,E400,2004,N,0,
383,19,929318,10/21/97,WV,500/1000,500,1737.79,0,635319,FEMALE,Associate,machine-op-inspct,camping,husband,3633,-18091,04/12/15,Single Vehicle Collision,Rear Collision,Minor Damage,Fire,OH,Hillsdale,1188 Elm Lane,13,3,NO,2,3,YES,10844,1942,754,8148,Audi,Highlander,2007,N,0,
104,30,355353,05/14/97,OH,100/300,1000,1545.84,5000000,678753,MALE,High School,priv-house-serv,reading,other-relative,24943,-49441,04/10/14,Single Vehicle Collision,?,Total Loss,Police,NC,Hillsdale,9715 3rd Hwy,18,1,?,0,1,NO,49991,8640,10445,30906,Toyota,Pathfinder,2011,N,0,
490,18,538294,01/29/08,SC,100/300,500,1127.23,4000000,632135,FEMALE,Associate,exec-managerial,golf,other-relative,36594,-9454,01/28/15,Single Vehicle Collision,Rear Collision,Total Loss,Police,WV,Hillsdale,5681 5th Ridge,11,3,NO,2,1,YES,112004,13490,20486,78028,Toyota,Pathfinder,2011,Y,1,
241,51,814461,05/16/04,NY,100/300,1000,1828.28,0,601262,FEMALE,MD,sales,skydiving,other-relative,37128,-1967,04/06/14,Multi-vehicle Collision,Rear Collision,Minor Damage,,VA,Hillsdale,6187 Elm Lane,12,1,YES,0,2,YES,40062,2939,2014,35109,Nissan,RAM,1999,N,0,
15,70,638740,08/03/93,OH,500/1000,1000,1388.78,0,489868,MALE,Masters,sales,dancing,wife,44516,-66937,09/04/15,Single Vehicle Collision,Rear Collision,Minor Damage,Police,VA,Arlington,9873 3rd Hwy,12,2,YES,2,0,YES,110808,17616,18979,74213,Accura,RAM,2008,Y,1,
359,19,696316,01/23/92,IN,250/500,500,1453.44,0,601840,MALE,MD,machine-op-inspct,bungie-jumping,wife,48555,-79715,09/10/15,Vehicle Theft,Side Collision,Major Damage,Police,IL,Riverwood,6448 5th Ridge,2,3,YES,2,2,YES,64601,16139,12950,35512,Toyota,F150,2015,Y,1,
53,27,642669,03/20/02,OH,250/500,2000,950.44,0,458298,FEMALE,High School,armed-forces,reading,other-relative,10173,-22396,09/05/14,Single Vehicle Collision,Rear Collision,Total Loss,Ambulance,WV,Hillsdale,5767 4th St,15,3,NO,1,3,NO,102691,25495,9548,67648,Mercedes,RAM,1996,Y,1,
300,71,881207,05/04/94,IN,500/1000,500,1124.03,0,602038,MALE,Associate,tech-support,bungie-jumping,own-child,11716,-48811,08/21/14,Multi-vehicle Collision,Side Collision,Minor Damage,Police,VA,Arlington,8444 3rd Hwy,10,1,YES,2,2,NO,73489,9230,10767,53492,Audi,F150,2009,N,0,
77,55,893362,03/20/90,NC,100/300,2000,1942.66,0,614004,FEMALE,MD,sales,dancing,wife,76585,-62845,01/06/14,Single Vehicle Collision,Front Collision,Major Damage,Police,IL,Northbend,5075 3rd Hwy,10,2,YES,1,0,YES,82317,13610,16049,52658,Honda,Civic,2013,N,0,
110,65,547648,03/14/06,OH,500/1000,1000,1431.22,5000000,574968,MALE,MD,protective-serv,board-games,husband,43001,-1826,05/16/14,Multi-vehicle Collision,Side Collision,Major Damage,Police,IN,Northbend,7931 Maple Drive,22,1,NO,2,0,YES,95029,17554,9382,68093,Audi,RSX,2014,N,0,
290,54,551791,08/16/97,NC,500/1000,1000,1956.56,5000000,691392,FEMALE,MD,armed-forces,camping,other-relative,65732,-67826,07/23/14,Multi-vehicle Collision,?,Total Loss,Fire,WV,Arlington,2251 Elm Lane,8,2,?,0,3,YES,57496,5607,11492,40397,Saab,Civic,2015,N,0,
289,76,868879,05/19/00,IN,500/1000,2000,1655.36,4000000,545922,MALE,Masters,armed-forces,camping,wife,68881,-13634,03/14/14,Single Vehicle Collision,Front Collision,Major Damage,Police,IL,Arlington,8937 1st Ave,4,1,YES,2,0,YES,56206,6189,9471,40546,Audi,Tahoe,2005,N,0,
215,31,960020,04/13/15,NC,250/500,1000,1714.61,6000000,495445,FEMALE,PhD,armed-forces,sleeping,unmarried,69151,-35965,09/23/15,Parked Car,Rear Collision,Major Damage,Fire,NC,Hillsdale,3123 Maple Drive,23,1,YES,1,1,YES,76369,8817,4187,63365,Ford,RSX,2007,N,0,
142,70,606170,01/05/03,OH,250/500,500,1766.4,4000000,436640,FEMALE,Masters,tech-support,dancing,unmarried,49663,-49673,09/04/15,Multi-vehicle Collision,Front Collision,Minor Damage,Police,NC,Hillsdale,1015 1st Ave,5,3,NO,2,3,YES,2167,469,391,1307,Accura,Camry,1998,N,0,
33,45,822743,05/14/92,OH,250/500,2000,853.57,0,664814,FEMALE,Associate,machine-op-inspct,skydiving,unmarried,50622,-32263,07/01/15,Vehicle Theft,Front Collision,Total Loss,Other,VA,Springfield,1792 Maple Drive,20,1,YES,2,0,YES,50152,2732,12496,34924,Saab,RAM,1995,N,0,
169,20,661187,09/21/01,SC,250/500,1000,1182.86,0,603824,FEMALE,MD,tech-support,reading,husband,55571,-38452,06/15/15,Vehicle Theft,Rear Collision,Major Damage,,NC,Arlington,6949 2nd Drive,22,3,?,1,3,YES,103119,10259,8843,84017,Accura,Tahoe,1998,Y,1,
140,43,900533,12/23/09,WV,500/1000,500,1706.78,4000000,557241,FEMALE,Masters,machine-op-inspct,dancing,husband,1181,-19668,01/10/15,Multi-vehicle Collision,Side Collision,Minor Damage,Police,WV,Arlington,7828 5th Ridge,14,1,NO,2,1,YES,48120,2864,5654,39602,Saab,RAM,2010,N,0,
495,43,704575,06/08/13,SC,100/300,1000,1658.47,6000000,491401,MALE,MD,exec-managerial,golf,other-relative,29070,-33639,06/18/15,Parked Car,Front Collision,Total Loss,,IL,Hillsdale,8096 2nd Drive,7,1,YES,1,0,YES,20474,1129,3283,16062,Chevrolet,Camry,2005,N,0,
195,49,627632,04/02/02,IN,250/500,2000,1990.94,4000000,654246,MALE,Associate,armed-forces,bungie-jumping,other-relative,72037,-72664,09/23/15,Multi-vehicle Collision,Rear Collision,Total Loss,Police,IN,Arlington,9358 2nd Drive,21,2,NO,2,3,NO,24322,2693,1577,20052,Audi,RSX,2004,N,0,
270,28,634101,02/13/12,WV,500/1000,2000,1721.64,4000000,569913,MALE,High School,armed-forces,sleeping,wife,62176,-28248,11/03/15,Multi-vehicle Collision,Front Collision,Major Damage,Police,IN,Columbus,5706 2nd Drive,8,1,YES,2,0,YES,57468,6096,11766,39606,Chevrolet,F150,2002,N,0,
253,71,368731,04/02/96,VA,250/500,500,1874.83,4000000,410456,MALE,Associate,armed-forces,camping,wife,19174,-24765,05/23/14,Single Vehicle Collision,Front Collision,Total Loss,Police,VA,Columbus,7264 Maple Drive,6,1,YES,2,0,YES,76347,9939,13637,52771,Ford,A3,2005,N,0,
463,37,112744,05/26/15,NC,250/500,1000,1173.45,4000000,430340,FEMALE,Associate,priv-house-serv,board-games,other-relative,21722,-10433,07/24/15,Multi-vehicle Collision,Front Collision,Minor Damage,Police,NY,Riverwood,9097 3rd Hwy,10,3,YES,0,3,YES,108137,25107,15102,67928,Honda,A5,1995,Y,1,
378,74,253630,08/20/06,OH,250/500,1000,1293.62,4000000,400183,FEMALE,PhD,armed-forces,reading,husband,62988,-42779,12/19/14,Single Vehicle Collision,Rear Collision,Minor Damage,Ambulance,SC,Hillsdale,4691 Elm Lane,11,1,YES,2,0,YES,12778,1746,721,10311,Toyota,Highlander,1999,N,0,
276,79,884570,05/25/08,IN,100/300,1000,1529.48,5000000,577770,FEMALE,Masters,exec-managerial,board-games,own-child,74034,-61052,12/08/14,Single Vehicle Collision,Side Collision,Major Damage,Police,SC,Northbend,6327 2nd Drive,17,1,NO,1,2,?,2441,263,197,1981,Accura,Camry,2000,N,0,
245,23,708818,01/25/10,OH,250/500,2000,1770.77,3000000,423985,MALE,Masters,sales,reading,unmarried,34391,-56073,01/29/14,Vehicle Theft,Front Collision,Minor Damage,Police,IL,Hillsdale,3412 Maple Drive,12,3,?,1,2,NO,46011,9827,9675,26509,Honda,Highlander,1995,N,0,
449,63,601075,04/06/11,SC,250/500,500,1455.32,4000000,437839,MALE,PhD,tech-support,skydiving,unmarried,5455,-6678,09/08/15,Multi-vehicle Collision,Side Collision,Minor Damage,Police,IL,Riverwood,6379 4th St,16,3,YES,1,2,YES,42262,3927,9528,28807,Nissan,95,2008,N,0,
413,44,142179,09/04/93,NC,250/500,500,1593.33,0,445004,FEMALE,PhD,priv-house-serv,bungie-jumping,other-relative,62032,-49134,01/29/15,Multi-vehicle Collision,Rear Collision,Major Damage,Police,NC,Arlington,1153 Maple Drive,1,2,?,1,3,YES,39749,7215,3258,29276,Audi,92x,1995,N,0,
345,50,775494,11/10/14,NY,100/300,2000,1616.6,5000000,534114,MALE,PhD,protective-serv,sleeping,wife,50509,-68183,01/20/15,Multi-vehicle Collision,Rear Collision,Major Damage,Police,OH,Hillsdale,2807 3rd Hwy,14,2,NO,2,0,YES,91364,12698,15865,62801,Honda,E400,2012,N,0,
270,36,623593,03/15/12,IN,250/500,500,1160.35,5000000,525703,FEMALE,High School,exec-managerial,sleeping,unmarried,2569,-53449,10/26/15,Parked Car,Front Collision,Minor Damage,Police,NY,Riverwood,9773 1st Ave,0,1,YES,2,1,NO,29254,7219,7066,14969,Mercedes,F150,2010,N,0,
54,42,619252,12/09/96,WV,250/500,1000,1572.11,4000000,514538,MALE,High School,sales,sleeping,unmarried,31384,-62097,04/01/15,Multi-vehicle Collision,Rear Collision,Major Damage,Police,IN,Hillsdale,8609 1st Ave,8,3,NO,2,3,?,82729,18920,13327,50482,Dodge,A3,2006,Y,1,
179,66,487346,06/08/96,NY,100/300,500,1460.94,0,673667,MALE,High School,sales,reading,own-child,48231,-38690,06/08/14,Single Vehicle Collision,Rear Collision,Major Damage,,NC,Hillsdale,4340 5th Ridge,18,3,NO,2,0,YES,117525,13108,20375,84042,Audi,Camry,2013,Y,1,
351,54,651253,12/04/92,SC,100/300,1000,1440.5,3000000,683760,MALE,High School,machine-op-inspct,sleeping,wife,56998,-27926,09/30/15,Vehicle Theft,?,Minor Damage,Police,VA,Riverwood,1876 Maple Drive,4,2,YES,1,0,YES,69695,14068,12541,43086,Dodge,F150,2014,Y,1,
403,39,275473,02/23/10,OH,250/500,2000,803.02,0,417797,FEMALE,PhD,machine-op-inspct,skydiving,own-child,13550,-4056,11/25/14,Single Vehicle Collision,Rear Collision,Major Damage,Police,WV,Columbus,1470 4th St,0,3,NO,2,3,?,86345,7038,13077,66230,Saab,Pathfinder,2000,Y,1,
338,62,646680,02/27/00,IN,500/1000,500,1502.18,0,497572,FEMALE,MD,priv-house-serv,reading,unmarried,15940,-51979,09/23/14,Vehicle Theft,Rear Collision,Minor Damage,Police,OH,Springfield,6674 3rd Hwy,21,2,YES,2,1,NO,57919,13130,12392,32397,Ford,Civic,1996,N,0,
94,48,887040,02/27/91,OH,250/500,2000,1802.89,5000000,699961,FEMALE,PhD,machine-op-inspct,skydiving,husband,69183,-56447,08/30/14,Parked Car,?,Major Damage,Fire,OH,Northbend,4904 Elm Lane,11,1,NO,2,2,YES,49745,3211,3159,43375,Ford,92x,2013,N,0,
107,62,481140,12/10/02,WV,100/300,500,1687.84,4000000,432644,FEMALE,Masters,machine-op-inspct,dancing,unmarried,76895,-18372,11/27/15,Single Vehicle Collision,Side Collision,Major Damage,Police,OH,Springfield,2098 2nd Drive,1,1,NO,0,2,YES,5458,1167,752,3539,Dodge,E400,2008,N,0,
444,61,348437,02/09/97,VA,100/300,500,1905.77,4000000,628914,FEMALE,Associate,exec-managerial,reading,husband,78681,-78894,09/04/15,Single Vehicle Collision,Side Collision,Total Loss,Police,IL,Hillsdale,2552 Elm Lane,13,1,NO,1,3,YES,13859,3439,2912,7508,Mercedes,A3,1997,N,0,Switched company due to poor service.
176,72,134174,11/04/14,NY,100/300,500,1484.34,5000000,558659,FEMALE,Associate,armed-forces,sleeping,wife,68282,-35372,12/23/15,Single Vehicle Collision,Rear Collision,Minor Damage,Police,NC,Hillsdale,3225 4th St,9,1,YES,0,0,NO,51143,9782,11008,30353,Nissan,RAM,2015,N,0,
337,57,200697,05/30/04,NC,100/300,1000,1588.52,3000000,681161,MALE,High School,sales,dancing,unmarried,36512,-8251,05/24/15,Single Vehicle Collision,?,Minor Damage,Police,IL,Columbus,8802 Maple Drive,18,1,?,1,0,NO,42153,5024,3103,34026,Audi,RAM,2008,N,0,
98,64,707302,08/04/93,IN,100/300,1000,916.03,0,578309,FEMALE,High School,priv-house-serv,board-games,husband,72162,-4477,07/15/14,Multi-vehicle Collision,Front Collision,Minor Damage,Other,OH,Riverwood,2477 3rd Hwy,0,3,YES,0,1,YES,67447,10988,16250,40209,Dodge,RSX,2004,N,0,
476,64,346280,06/16/12,WV,250/500,1000,1917.96,6000000,547937,FEMALE,Associate,protective-serv,dancing,wife,68280,-52457,12/19/14,Single Vehicle Collision,Side Collision,Major Damage,Police,IN,Arlington,8279 Maple Drive,8,2,YES,1,3,?,73493,8421,9008,56064,Toyota,Camry,2006,Y,1,
139,67,703840,11/07/04,VA,250/500,500,1697.56,4000000,437096,FEMALE,MD,armed-forces,dancing,unmarried,43546,-26485,05/18/14,Vehicle Theft,Rear Collision,Major Damage,,NY,Columbus,9064 3rd Hwy,3,3,YES,0,0,YES,40312,8689,7367,24256,Dodge,RAM,2008,N,0,
105,44,506556,02/16/10,WV,500/1000,500,1118.07,5000000,414940,FEMALE,Masters,tech-support,camping,husband,48331,-21543,04/12/14,Single Vehicle Collision,Rear Collision,Minor Damage,Police,OH,Arlington,5011 5th Ridge,7,3,YES,1,3,YES,94113,22348,5505,66260,Toyota,Pathfinder,1995,Y,1,
135,34,434898,02/28/92,SC,250/500,1000,866.86,0,496286,FEMALE,MD,sales,board-games,wife,36993,-13987,07/15/14,Vehicle Theft,?,Minor Damage,Police,VA,Northbend,1987 Elm Lane,20,3,NO,0,3,NO,112659,20870,19279,72510,Dodge,92x,2014,Y,1,
117,51,608456,11/01/00,OH,500/1000,1000,1480.05,0,503087,FEMALE,Associate,machine-op-inspct,reading,wife,26245,-46994,02/04/15,Multi-vehicle Collision,?,Minor Damage,Fire,SC,Riverwood,1077 4th St,10,3,NO,0,3,?,118116,10154,14672,93290,Chevrolet,E400,2015,Y,1,
48,45,661513,07/23/08,IN,250/500,1000,802.7,4000000,597962,MALE,High School,priv-house-serv,dancing,unmarried,66692,-60543,07/08/14,Multi-vehicle Collision,?,Minor Damage,Other,OH,Northbend,8766 Maple Drive,13,2,?,2,0,YES,34825,4282,6125,24418,Chevrolet,A3,1998,N,0,
228,34,954888,11/07/08,WV,100/300,500,880.66,0,660686,MALE,Masters,priv-house-serv,reading,own-child,28148,-9489,09/27/14,Parked Car,Rear Collision,Minor Damage,Police,IL,Hillsdale,9879 Maple Drive,3,2,YES,0,2,YES,60564,5285,8514,46765,Nissan,Tahoe,2012,N,0,
286,32,651506,08/10/00,NY,100/300,1000,982.17,4000000,485676,MALE,Masters,protective-serv,bungie-jumping,husband,7815,-39151,10/27/14,Parked Car,Rear Collision,Major Damage,,OH,Columbus,2322 1st Ave,14,3,YES,2,2,YES,36931,6239,5613,25079,Mercedes,E400,1996,N,0,
75,66,421706,01/09/04,WV,100/300,500,1377.62,0,427534,FEMALE,High School,priv-house-serv,sleeping,unmarried,20446,-21872,08/24/14,Parked Car,Front Collision,Major Damage,Fire,IL,Springfield,1572 3rd Hwy,7,1,YES,1,1,YES,40134,9708,8603,21823,Mercedes,Civic,1997,N,0,
232,54,336213,08/07/96,IL,250/500,1000,1536.21,0,607488,FEMALE,PhD,sales,board-games,other-relative,34117,-73126,02/18/15,Multi-vehicle Collision,Front Collision,Total Loss,Ambulance,NY,Arlington,6956 Maple Drive,14,2,YES,2,1,YES,64974,11440,5373,48161,Chevrolet,F150,2001,Y,1,
20,71,839113,10/29/92,WV,250/500,2000,1457.59,6000000,579150,FEMALE,High School,sales,sleeping,wife,9015,-44148,07/04/14,Multi-vehicle Collision,Front Collision,Total Loss,,VA,Arlington,8751 Maple Drive,21,1,NO,2,2,YES,27772,5117,6269,16386,Toyota,Civic,1997,N,0,
275,51,137040,03/04/12,IL,500/1000,500,1864.38,3000000,653704,MALE,High School,tech-support,sleeping,wife,58233,-6443,10/25/15,Multi-vehicle Collision,Rear Collision,Major Damage,Fire,IN,Columbus,5059 5th Ridge,13,3,NO,1,1,YES,22314,3764,5366,13184,Audi,Pathfinder,2003,N,0,
176,36,804566,02/23/92,NC,100/300,1000,1907.95,5000000,694206,FEMALE,Associate,priv-house-serv,reading,own-child,16021,-14417,06/17/14,Single Vehicle Collision,Front Collision,Minor Damage,Police,IN,Hillsdale,8576 5th Ridge,21,1,?,1,0,YES,101325,17612,25126,58587,Ford,92x,2012,N,0,
338,70,912083,03/21/14,NC,100/300,1000,1492.27,4000000,501807,MALE,PhD,tech-support,skydiving,other-relative,42233,-25922,10/20/14,Single Vehicle Collision,Front Collision,Minor Damage,Police,IL,Riverwood,7086 1st Ave,9,3,?,1,3,NO,52667,4684,4717,43266,Chevrolet,92x,2009,N,0,
375,48,383571,12/19/97,NY,500/1000,2000,1285.42,0,529413,MALE,Associate,armed-forces,reading,unmarried,22857,-51807,03/29/15,Multi-vehicle Collision,Side Collision,Major Damage,Police,VA,Springfield,6630 2nd Drive,22,2,NO,1,1,NO,17822,1248,1696,14878,Toyota,Camry,2005,N,0,
80,18,809534,02/08/15,NY,100/300,2000,1687.03,0,676551,FEMALE,High School,exec-managerial,sleeping,wife,37139,-75876,07/02/15,Single Vehicle Collision,Side Collision,Minor Damage,Other,IL,Northbend,7566 5th Ridge,18,3,NO,2,2,NO,110274,6029,10881,93364,Toyota,Tahoe,2004,Y,1,
444,24,691666,12/19/99,IN,100/300,1000,822.76,6000000,405201,MALE,PhD,tech-support,dancing,husband,44013,-3377,01/13/15,Single Vehicle Collision,Rear Collision,Minor Damage,Police,VA,Riverwood,5571 3rd Hwy,0,1,NO,1,2,YES,34946,1944,6094,26908,Audi,RAM,2014,N,0,
395,50,729477,01/04/13,NC,250/500,1000,1928.79,4000000,666877,MALE,Associate,priv-house-serv,skydiving,husband,69598,-22974,04/23/14,Multi-vehicle Collision,Front Collision,Minor Damage,Ambulance,OH,Springfield,9130 Elm Lane,14,2,YES,0,0,YES,62128,5434,9044,47650,Toyota,E400,1997,N,0,
117,24,707502,05/19/12,NY,100/300,2000,1571.8,0,661862,MALE,Associate,tech-support,sleeping,husband,47706,-45526,08/07/14,Multi-vehicle Collision,?,Major Damage,Police,SC,Northbend,6094 2nd Drive,17,3,NO,1,1,NO,108157,10924,10109,87124,Toyota,RAM,2011,Y,1,
221,68,592016,04/13/93,OH,500/1000,500,844.28,0,621684,FEMALE,High School,armed-forces,reading,wife,3071,-46267,03/22/15,Single Vehicle Collision,Rear Collision,Minor Damage,,WV,Hillsdale,9439 3rd Hwy,21,3,NO,1,0,YES,46926,11525,6499,28902,Dodge,A3,1995,N,0,
472,26,277999,09/06/07,VA,100/300,1000,1805.57,0,582370,MALE,PhD,tech-support,sleeping,unmarried,14425,-23831,10/02/15,Multi-vehicle Collision,Side Collision,Total Loss,Police,IN,Springfield,3750 3rd Hwy,11,3,YES,1,1,YES,64387,13434,3581,47372,Dodge,Civic,2011,Y,1,
441,47,811055,05/17/95,IL,250/500,500,931.61,6000000,411861,MALE,High School,tech-support,dancing,wife,61006,-25987,08/06/14,Multi-vehicle Collision,Side Collision,Total Loss,Other,IL,Riverwood,5222 4th St,4,2,YES,1,2,YES,104770,22142,5679,76949,Honda,95,2000,Y,1,
40,57,940030,11/14/08,WV,250/500,500,1787.23,5000000,415761,MALE,Masters,armed-forces,golf,unmarried,33154,-61647,06/12/14,Single Vehicle Collision,Front Collision,Minor Damage,,IN,Hillsdale,9432 1st Ave,2,3,NO,0,1,YES,3914,769,599,2546,Mercedes,Pathfinder,2015,N,0,
446,19,959243,09/19/14,NY,500/1000,2000,1911.08,3000000,659644,MALE,Masters,machine-op-inspct,camping,wife,54788,-93,09/03/14,Multi-vehicle Collision,Rear Collision,Major Damage,Other,IL,Columbus,8882 4th St,10,3,?,2,2,?,29958,4396,5227,20335,Accura,RSX,2013,N,0,
40,66,157304,08/15/15,NC,100/300,500,1851.86,3000000,443358,FEMALE,MD,exec-managerial,reading,own-child,55912,-40453,01/13/15,Parked Car,Front Collision,Minor Damage,Police,NY,Hillsdale,3797 Maple Drive,15,3,?,2,3,YES,49703,6204,4915,38584,Nissan,92x,2000,N,0,
166,23,314245,05/14/91,NY,250/500,1000,1216.8,0,466848,FEMALE,MD,sales,skydiving,unmarried,12181,-13591,09/04/15,Multi-vehicle Collision,Side Collision,Major Damage,Police,WV,Riverwood,8772 5th Ridge,9,2,NO,2,2,?,116445,24910,19822,71713,Audi,RAM,2007,Y,1,Service quality deteriorated significantly.
352,26,155626,01/31/91,NC,250/500,1000,1218.74,5000000,517538,FEMALE,High School,exec-managerial,bungie-jumping,wife,76255,-52990,09/08/15,Parked Car,Rear Collision,Total Loss,Police,VA,Riverwood,3339 1st Ave,17,1,YES,0,3,YES,33245,7332,8221,17692,Mercedes,Camry,1997,N,0,
412,20,835317,09/21/01,IN,500/1000,1000,1559.18,3000000,504461,MALE,Masters,tech-support,skydiving,unmarried,22802,-56704,09/07/14,Multi-vehicle Collision,?,Major Damage,Police,IL,Northbend,2754 5th Ridge,13,3,NO,1,1,YES,114683,21028,5920,87735,Nissan,92x,2008,Y,1,
34,79,598227,05/18/91,IL,500/1000,2000,1879.45,5000000,648558,FEMALE,Associate,exec-managerial,skydiving,unmarried,27002,-30905,02/26/15,Multi-vehicle Collision,?,Major Damage,Police,OH,Columbus,2320 5th Ridge,14,3,NO,0,1,YES,41209,5607,10259,25343,Mercedes,Civic,1998,N,0,Refused to process claim trivial reasons.
479,44,869583,03/17/12,NC,250/500,2000,1650.84,4000000,623801,FEMALE,High School,exec-managerial,reading,own-child,30777,-41208,04/11/15,Multi-vehicle Collision,?,Major Damage,Police,IL,Arlington,5037 Maple Drive,22,2,YES,0,3,YES,26908,2168,6365,18375,Accura,A3,2012,N,0,
485,39,381937,12/25/90,IN,100/300,500,909.97,4000000,432257,MALE,High School,tech-support,bungie-jumping,husband,42009,-7110,12/16/15,Multi-vehicle Collision,?,Major Damage,Ambulance,NC,Springfield,8654 Elm Lane,10,2,YES,2,0,YES,54514,9243,6349,38922,Chevrolet,95,2000,N,0,
191,31,868189,10/25/14,VA,250/500,500,1403.53,6000000,550539,MALE,Masters,protective-serv,reading,husband,9129,-75263,02/21/15,Parked Car,?,Major Damage,Police,OH,Riverwood,2438 4th St,0,2,?,1,3,NO,54166,6878,9635,37653,Honda,A5,2012,N,0,
137,73,597551,02/20/09,NY,250/500,2000,1034.56,0,690623,MALE,High School,sales,golf,husband,65104,-50449,12/25/15,Single Vehicle Collision,Rear Collision,Minor Damage,Police,NC,Riverwood,5983 3rd Hwy,20,1,YES,1,2,YES,44632,5985,9097,29550,Audi,92x,1997,N,0,
53,55,764878,07/07/04,WV,250/500,2000,1488.78,5000000,679835,FEMALE,Masters,exec-managerial,bungie-jumping,unmarried,27874,-16445,01/17/14,Vehicle Theft,Front Collision,Major Damage,,SC,Columbus,9672 4th St,21,3,YES,0,2,YES,29624,6485,2751,20388,Toyota,95,1997,N,0,
65,79,366897,12/05/14,NC,100/300,500,1112.8,0,586928,FEMALE,High School,protective-serv,board-games,unmarried,42163,-54400,02/23/14,Multi-vehicle Collision,Rear Collision,Minor Damage,Police,IL,Springfield,6200 Maple Drive,22,2,YES,0,2,YES,114317,17845,8313,88159,Audi,92x,2005,Y,1,
30,79,685694,06/11/01,IN,250/500,2000,1316.47,4000000,455802,MALE,Masters,armed-forces,reading,husband,64991,-10592,07/10/14,Single Vehicle Collision,Front Collision,Total Loss,Police,IN,Hillsdale,1565 2nd Drive,7,3,NO,0,1,YES,42038,9089,5593,27356,Audi,Pathfinder,2007,N,0,
384,70,897998,05/09/90,WV,250/500,500,1536.95,4000000,429958,FEMALE,Associate,priv-house-serv,dancing,wife,37484,-16013,06/14/14,Single Vehicle Collision,Rear Collision,Major Damage,,SC,Columbus,6248 5th Ridge,16,1,YES,0,1,YES,83701,17583,13598,52520,Chevrolet,E400,2014,N,0,
213,66,786847,01/14/09,OH,250/500,1000,1017.1,5000000,453625,FEMALE,MD,tech-support,skydiving,husband,27321,-7380,07/31/14,Multi-vehicle Collision,?,Major Damage,,VA,Springfield,8646 4th St,1,2,YES,1,1,YES,118659,21451,12462,84746,Toyota,RSX,2013,Y,1,Customer service okay. Could improve.
211,41,509049,02/28/00,WV,100/300,500,1823.61,5000000,588517,FEMALE,MD,priv-house-serv,sleeping,other-relative,18466,-50751,09/01/14,Multi-vehicle Collision,?,Minor Damage,Police,VA,Riverwood,2139 2nd Drive,0,1,NO,2,1,YES,55333,7998,10880,36455,Mercedes,A3,1998,N,0,
132,39,469921,05/15/99,WV,500/1000,2000,1154.52,4000000,607534,MALE,MD,sales,camping,other-relative,25124,-11312,08/04/14,Vehicle Theft,Front Collision,Major Damage,Ambulance,OH,Riverwood,1082 Elm Lane,21,2,YES,2,3,?,72179,11899,7775,52505,Toyota,Highlander,2006,Y,1,
450,19,201554,11/22/13,IN,250/500,500,1791.9,6000000,663654,MALE,Associate,armed-forces,sleeping,husband,69843,-40958,10/05/14,Multi-vehicle Collision,Rear Collision,Major Damage,Police,WV,Springfield,2401 4th St,20,3,NO,0,0,NO,97596,11893,6919,78784,Nissan,RAM,2013,Y,1,
262,67,801006,07/12/03,NC,100/300,1000,969.42,4000000,611280,FEMALE,MD,machine-op-inspct,sleeping,wife,61953,-11764,11/30/14,Single Vehicle Collision,Rear Collision,Major Damage,,IN,Springfield,9377 Maple Drive,20,1,?,2,3,NO,119034,21076,14249,83709,Chevrolet,A3,1995,N,0,
246,49,345779,02/01/96,IL,500/1000,500,1656.35,5000000,598526,FEMALE,High School,machine-op-inspct,board-games,wife,51347,-51939,12/31/15,Multi-vehicle Collision,Front Collision,Major Damage,,IN,Northbend,4363 2nd Drive,2,2,YES,0,2,YES,110531,9526,11699,89306,Accura,F150,2008,Y,1,
193,72,997092,02/20/94,IN,100/300,500,1754.62,5000000,681707,MALE,High School,tech-support,skydiving,other-relative,45891,-5349,02/06/15,Vehicle Theft,Side Collision,Major Damage,Police,IN,Springfield,9794 2nd Drive,1,3,NO,1,1,YES,7359,1818,1094,4447,Nissan,A5,2008,N,0,
4,48,244521,07/09/02,IN,250/500,500,885.33,4000000,628285,MALE,MD,machine-op-inspct,dancing,wife,16555,-64362,07/13/14,Parked Car,Front Collision,Minor Damage,Fire,VA,Northbend,2640 3rd Hwy,10,3,YES,0,3,YES,93475,18945,8764,65766,Saab,Highlander,2011,Y,1,Extremely dissatisfied company.
82,18,841684,04/17/03,VA,100/300,500,1444.95,5000000,521394,MALE,MD,exec-managerial,reading,unmarried,63345,-6512,02/01/15,Vehicle Theft,Front Collision,Major Damage,Police,WV,Columbus,6139 1st Ave,23,3,YES,1,2,NO,118858,12754,23968,82136,Accura,RAM,2007,Y,1,
82,18,989962,11/13/01,IL,100/300,2000,1859.43,0,620242,MALE,MD,priv-house-serv,board-games,wife,46899,-48401,07/05/14,Parked Car,Side Collision,Major Damage,Ambulance,IL,Northbend,9755 4th St,21,2,NO,2,0,YES,22294,5037,4634,12623,Dodge,RSX,2002,N,0,
212,67,830912,03/17/93,WV,250/500,2000,1404.04,0,592687,MALE,PhD,protective-serv,camping,own-child,60403,-68525,03/05/14,Single Vehicle Collision,?,Minor Damage,Police,WV,Springfield,2519 5th Ridge,0,1,?,2,0,YES,78699,14491,6379,57829,Dodge,RSX,2013,N,0,
50,71,788317,07/14/07,IL,250/500,1000,960.18,0,517272,MALE,MD,armed-forces,dancing,other-relative,13517,-24684,08/24/15,Single Vehicle Collision,?,Total Loss,,VA,Hillsdale,6175 3rd Hwy,8,1,?,1,0,YES,64804,11911,10915,41978,Dodge,95,1998,N,0,
451,39,941572,11/12/05,IN,500/1000,1000,1106.05,0,672500,FEMALE,Masters,protective-serv,skydiving,unmarried,51363,-27562,02/24/14,Vehicle Theft,Front Collision,Minor Damage,,WV,Springfield,1034 1st Ave,15,3,NO,2,0,?,119006,20540,17800,80666,Nissan,Camry,1998,Y,1,Unfair treatment policyholders.
91,27,314879,03/13/10,NY,500/1000,500,987.07,4000000,501515,FEMALE,Associate,tech-support,sleeping,own-child,40274,-59966,05/31/15,Multi-vehicle Collision,Side Collision,Minor Damage,Police,IN,Arlington,7255 3rd Hwy,2,1,NO,0,0,YES,62200,5114,4720,52366,Mercedes,A3,1997,N,0,
290,21,299416,10/01/99,NY,250/500,500,822.98,4000000,617131,MALE,High School,machine-op-inspct,reading,unmarried,61864,-25802,06/10/15,Vehicle Theft,Front Collision,Major Damage,,SC,Springfield,5023 Maple Drive,3,1,?,1,1,NO,69254,12679,5662,50913,Ford,F150,2004,N,0,
136,56,285861,06/08/11,OH,500/1000,2000,1170.39,4000000,587671,FEMALE,High School,priv-house-serv,bungie-jumping,unmarried,808,-44062,01/03/15,Multi-vehicle Collision,Rear Collision,Major Damage,Police,NY,Arlington,7587 1st Ave,17,2,?,2,1,NO,75832,12112,12526,51194,Saab,A3,2009,N,0,
44,69,747323,12/31/09,IL,250/500,2000,1076.19,6000000,438385,FEMALE,Associate,sales,board-games,unmarried,6905,-78465,12/07/14,Vehicle Theft,?,Minor Damage,Police,OH,Columbus,8929 1st Ave,19,3,YES,0,1,?,42234,8152,6675,27407,Mercedes,95,2012,Y,1,Renewal reminder came late. Almost missed deadline.
38,34,738771,06/29/08,OH,250/500,500,1678.18,0,429496,MALE,PhD,priv-house-serv,bungie-jumping,wife,79994,-69834,10/30/15,Vehicle Theft,Front Collision,Minor Damage,Police,WV,Northbend,8264 2nd Drive,15,2,NO,2,3,YES,78891,17568,16226,45097,Audi,A5,2001,N,0,
237,29,566479,08/23/08,IL,250/500,1000,1550.67,4000000,569701,MALE,High School,priv-house-serv,reading,husband,65610,-40710,10/25/14,Single Vehicle Collision,Side Collision,Minor Damage,Police,IN,Northbend,7405 3rd Hwy,10,3,NO,2,1,YES,60181,7539,8071,44571,Dodge,RAM,1999,N,0,
439,43,805240,11/02/93,IL,100/300,500,1038.93,5000000,440682,MALE,Masters,exec-managerial,skydiving,unmarried,74003,-68423,02/16/14,Multi-vehicle Collision,Side Collision,Major Damage,Other,IN,Columbus,3649 4th St,22,2,?,2,1,YES,45658,9398,2748,33512,Audi,92x,2001,N,0,
363,66,980666,01/30/15,OH,250/500,500,1598.83,5000000,682775,FEMALE,High School,priv-house-serv,skydiving,husband,43718,-4124,07/29/14,Vehicle Theft,Front Collision,Major Damage,Other,OH,Columbus,5134 Elm Lane,14,2,YES,0,1,?,98628,19645,9932,69051,Honda,Highlander,2000,Y,1,
336,47,548488,04/20/90,WV,250/500,1000,963.31,6000000,679188,MALE,MD,tech-support,board-games,husband,7069,-70902,07/03/15,Multi-vehicle Collision,Rear Collision,Major Damage,Police,VA,Hillsdale,7614 4th St,12,2,YES,1,2,?,79732,18511,14484,46737,Mercedes,Civic,2004,Y,1,
314,49,889033,01/16/00,WV,250/500,500,868.44,3000000,513509,FEMALE,Associate,machine-op-inspct,camping,unmarried,74887,-33999,03/29/14,Multi-vehicle Collision,?,Minor Damage,Police,IL,Northbend,9598 2nd Drive,18,2,YES,2,2,NO,84868,20546,8899,55423,Toyota,Pathfinder,2000,N,0,
222,54,930352,10/01/15,IL,250/500,500,1486.55,6000000,645546,FEMALE,Masters,machine-op-inspct,reading,wife,36194,-63515,01/11/15,Single Vehicle Collision,Side Collision,Minor Damage,Fire,SC,Riverwood,5158 2nd Drive,22,1,YES,0,0,?,26117,6089,2088,17940,Honda,92x,2007,N,0,
348,50,455619,08/25/98,SC,100/300,1000,989.79,0,578323,FEMALE,High School,armed-forces,reading,unmarried,32112,-70109,04/01/14,Multi-vehicle Collision,Front Collision,Minor Damage,,IN,Springfield,5062 Maple Drive,17,3,YES,0,0,YES,54968,6121,4969,43878,Dodge,RSX,2000,N,0,
449,50,489759,06/16/11,VA,250/500,2000,1831.53,5000000,423263,FEMALE,Associate,protective-serv,camping,other-relative,39323,-28278,02/19/14,Single Vehicle Collision,?,Major Damage,Ambulance,IN,Columbus,5163 1st Ave,2,1,YES,1,3,YES,28692,6685,3402,18605,Ford,92x,2014,N,0,
264,22,176151,06/19/02,IN,500/1000,500,1216.04,6000000,505203,MALE,Masters,tech-support,board-games,unmarried,24572,-64476,09/07/14,Single Vehicle Collision,Front Collision,Major Damage,,IL,Northbend,1789 3rd Hwy,18,3,NO,2,0,NO,8743,1706,1588,5449,Chevrolet,Tahoe,2013,N,0,
306,40,637002,06/24/09,NC,100/300,1000,1267.85,0,458417,MALE,High School,sales,skydiving,other-relative,2056,-3914,08/06/15,Vehicle Theft,Front Collision,Total Loss,Police,IL,Columbus,9074 Maple Drive,22,2,NO,2,3,?,108365,23699,8105,76561,Dodge,A3,1998,Y,1,
95,55,427336,09/11/10,SC,250/500,2000,1037.2,5000000,511493,FEMALE,MD,priv-house-serv,golf,husband,63353,-43014,08/24/15,Parked Car,?,Minor Damage,Police,IL,Columbus,2569 Maple Drive,6,1,NO,2,1,NO,11945,1324,2345,8276,Audi,E400,2012,N,0,
341,20,155981,03/22/11,SC,250/500,500,1880.53,0,427116,MALE,Masters,armed-forces,bungie-jumping,husband,56975,-49449,10/30/15,Single Vehicle Collision,Side Collision,Minor Damage,Fire,SC,Northbend,2284 1st Ave,14,2,NO,2,1,YES,105244,11595,16842,76807,Saab,92x,2002,N,0,
56,68,615766,03/01/99,OH,100/300,1000,1472.19,0,493404,FEMALE,High School,exec-managerial,golf,own-child,43694,-18093,02/18/14,Multi-vehicle Collision,Side Collision,Minor Damage,Police,NC,Northbend,3112 4th St,6,3,YES,2,3,NO,70038,10430,5051,54557,Dodge,92x,2010,N,0,
356,25,586061,12/20/01,NY,250/500,500,1552.64,4000000,454629,FEMALE,PhD,exec-managerial,camping,unmarried,45669,-17398,02/16/14,Vehicle Theft,Front Collision,Minor Damage,Police,WV,Columbus,4041 Elm Lane,3,3,YES,1,1,YES,96613,5556,17573,73484,Toyota,Camry,2015,Y,1,
497,18,894325,09/07/07,IL,500/1000,1000,1102.91,0,585976,FEMALE,MD,armed-forces,sleeping,husband,52437,-46939,03/07/15,Single Vehicle Collision,Rear Collision,Minor Damage,Police,SC,Columbus,2871 Elm Lane,5,2,YES,2,1,YES,18482,3210,1985,13287,Mercedes,RSX,2010,N,0,
220,56,306032,09/22/97,NC,500/1000,2000,1316.11,5000000,475873,MALE,Masters,priv-house-serv,skydiving,unmarried,72430,-58087,05/03/15,Multi-vehicle Collision,Front Collision,Major Damage,Other,NC,Northbend,6327 Elm Lane,7,1,YES,2,2,?,39241,7492,9449,22300,Honda,RSX,2008,N,0,No transparency in pricing.
260,57,781734,09/16/04,OH,100/300,1000,1163.13,0,461375,FEMALE,High School,sales,camping,other-relative,28329,-53459,03/18/15,Multi-vehicle Collision,Front Collision,Major Damage,Ambulance,NY,Hillsdale,6652 Elm Lane,22,1,YES,0,0,YES,80653,18596,13133,48924,Ford,RSX,2008,N,0,
147,55,209620,03/21/12,VA,250/500,2000,1641.41,6000000,460059,MALE,High School,protective-serv,sleeping,husband,1156,-13722,03/24/14,Single Vehicle Collision,Side Collision,Minor Damage,Police,IL,Hillsdale,7229 3rd Hwy,9,3,NO,0,1,NO,68101,14541,12121,41439,Nissan,A5,1998,N,0,
376,53,735324,08/16/04,NY,250/500,2000,896.56,5000000,573474,MALE,Associate,machine-op-inspct,skydiving,wife,58647,-78814,06/12/14,Multi-vehicle Collision,Rear Collision,Minor Damage,,NC,Columbus,2926 1st Ave,12,1,YES,1,3,YES,75158,14293,11458,49407,Dodge,A3,1995,N,0,
443,59,425869,12/31/03,IN,100/300,500,1921.71,4000000,671737,MALE,MD,sales,dancing,husband,48093,-10535,04/03/14,Multi-vehicle Collision,Front Collision,Total Loss,Ambulance,OH,Columbus,9433 4th St,20,3,?,1,2,YES,98789,19405,11795,67589,Honda,E400,1999,Y,1,
82,40,785202,07/23/92,IN,500/1000,1000,1049.48,6000000,431985,FEMALE,Associate,sales,dancing,husband,69012,-8424,06/07/14,Vehicle Theft,Front Collision,Minor Damage,Police,OH,Hillsdale,5767 5th Ridge,6,1,NO,2,3,YES,55253,9605,12735,32913,Accura,Pathfinder,2009,N,0,
185,22,636700,01/01/15,WV,250/500,500,1152.4,5000000,416541,FEMALE,High School,tech-support,dancing,unmarried,14219,-26072,01/26/15,Vehicle Theft,Side Collision,Minor Damage,Other,NY,Northbend,6631 3rd Hwy,11,3,NO,0,0,YES,87745,12207,15980,59558,Accura,RAM,1997,Y,1,
182,63,393485,03/13/90,SC,100/300,500,1715.54,4000000,521735,MALE,MD,exec-managerial,sleeping,husband,10151,-63076,06/26/15,Multi-vehicle Collision,Rear Collision,Total Loss,,OH,Columbus,5940 Elm Lane,11,2,YES,2,3,?,88174,11622,18861,57691,Honda,Pathfinder,2012,Y,1,
218,33,861210,04/03/95,SC,250/500,2000,979.04,3000000,482048,FEMALE,MD,priv-house-serv,golf,other-relative,51676,-33513,01/11/14,Multi-vehicle Collision,Front Collision,Total Loss,Police,VA,Riverwood,2587 2nd Drive,23,2,YES,2,1,YES,25136,5034,5447,14655,Toyota,F150,2012,N,0,
10,22,795743,02/11/94,SC,100/300,500,847.05,0,689348,FEMALE,High School,armed-forces,reading,own-child,74520,-35033,03/15/15,Multi-vehicle Collision,?,Major Damage,,IN,Hillsdale,5547 2nd Drive,5,2,YES,1,1,NO,47990,6134,2860,38996,Audi,95,1995,N,0,
138,32,399817,05/14/00,SC,250/500,2000,1049.73,0,588899,MALE,Masters,exec-managerial,golf,other-relative,44408,-14519,03/04/14,Multi-vehicle Collision,Side Collision,Minor Damage,Police,SC,Columbus,2936 4th St,16,3,NO,0,2,YES,92583,6346,10620,75617,Chevrolet,Civic,2015,Y,1,
247,72,915447,07/20/06,SC,250/500,500,1581.13,6000000,657652,FEMALE,PhD,armed-forces,reading,other-relative,55513,-75106,11/30/14,Multi-vehicle Collision,Side Collision,Total Loss,Police,NC,Riverwood,7484 Elm Lane,22,2,YES,2,3,YES,100836,18351,19099,63386,Accura,Tahoe,1999,Y,1,
277,68,564075,05/06/13,SC,100/300,1000,905.6,3000000,493795,MALE,High School,tech-support,skydiving,husband,13093,-12464,05/27/15,Vehicle Theft,Front Collision,Minor Damage,,IL,Hillsdale,9915 Maple Drive,15,1,?,2,2,?,39917,6643,5036,28238,Mercedes,A5,2012,N,0,False promises during purchase.
384,24,714012,06/17/90,SC,100/300,1000,1924.12,6000000,577165,FEMALE,Associate,priv-house-serv,board-games,unmarried,12499,-29767,04/24/14,Vehicle Theft,?,Minor Damage,Police,WV,Springfield,1814 3rd Hwy,5,3,NO,0,3,YES,106322,19037,20333,66952,Chevrolet,Highlander,1996,Y,1,Overcharged premium stated.
269,65,701053,08/28/95,IN,100/300,500,1742.54,5000000,462138,MALE,Masters,armed-forces,sleeping,unmarried,66932,-9772,09/28/14,Multi-vehicle Collision,Rear Collision,Minor Damage,Police,OH,Columbus,1953 2nd Drive,14,3,NO,1,0,YES,52471,2643,6871,42957,Honda,Highlander,1996,N,0,
22,52,158647,02/18/06,IN,100/300,2000,1925.08,4000000,658672,FEMALE,Associate,priv-house-serv,board-games,wife,71928,-32852,07/23/14,Multi-vehicle Collision,Side Collision,Total Loss,,IL,Arlington,8170 Maple Drive,5,1,YES,1,1,?,59582,10528,11379,37675,Mercedes,Highlander,2003,Y,1,
216,64,109691,08/24/08,IL,500/1000,1000,1114.65,5000000,495628,FEMALE,High School,priv-house-serv,sleeping,unmarried,25337,-51003,11/23/15,Multi-vehicle Collision,Rear Collision,Minor Damage,,NC,Riverwood,6073 Maple Drive,3,1,NO,2,0,YES,17977,1907,3345,12725,Accura,Highlander,1998,N,0,
218,62,560335,04/04/09,NC,100/300,1000,1325.95,4000000,404828,MALE,Masters,exec-managerial,reading,wife,68978,-59916,11/13/14,Parked Car,Rear Collision,Minor Damage,Police,NC,Hillsdale,8619 1st Ave,13,1,YES,1,3,YES,8242,1545,1743,4954,Nissan,Pathfinder,2003,N,0,
177,78,608492,12/01/11,NY,100/300,1000,1359.01,0,580006,MALE,MD,sales,camping,unmarried,69936,-38697,05/05/15,Vehicle Theft,Front Collision,Major Damage,,WV,Northbend,3545 1st Ave,8,1,YES,0,1,YES,54207,13214,12288,28705,Audi,92x,2010,N,0,
141,55,576404,05/18/90,IL,250/500,500,1094.28,4000000,646167,MALE,Masters,protective-serv,board-games,own-child,68013,-2729,03/08/14,Single Vehicle Collision,?,Minor Damage,,NY,Northbend,2869 4th St,0,1,NO,0,0,YES,46483,7353,6997,32133,Audi,Pathfinder,2006,N,0,
271,74,642965,03/29/03,NY,250/500,1000,1912.83,0,598923,MALE,Masters,protective-serv,sleeping,unmarried,67919,-66269,02/13/15,Multi-vehicle Collision,Front Collision,Total Loss,Police,NY,Arlington,6646 Maple Drive,17,1,?,0,0,NO,70647,5565,7425,57657,Dodge,Pathfinder,2015,N,0,
233,66,756214,10/07/03,SC,100/300,1000,1868.91,4000000,462733,MALE,PhD,protective-serv,camping,wife,45753,-26911,03/11/14,Multi-vehicle Collision,Side Collision,Minor Damage,Police,IL,Arlington,9268 4th St,14,3,YES,1,2,YES,95343,14520,22633,58190,Toyota,A5,2009,Y,1,
191,57,208943,03/23/97,OH,500/1000,2000,1664.12,4000000,596653,FEMALE,MD,protective-serv,board-games,other-relative,44202,-4848,06/06/14,Vehicle Theft,Side Collision,Major Damage,,NY,Springfield,6409 4th St,22,2,NO,2,1,YES,60169,4726,5899,49544,Toyota,92x,2001,N,0,
492,41,918872,11/06/14,IN,250/500,2000,1756.86,6000000,444480,FEMALE,PhD,protective-serv,sleeping,husband,7387,-28881,10/11/14,Single Vehicle Collision,Front Collision,Major Damage,Ambulance,IL,Northbend,7770 Maple Drive,22,3,YES,2,3,YES,109593,16443,12414,80736,Saab,95,1999,Y,1,
389,49,501202,01/11/10,OH,250/500,1000,1511.22,6000000,629667,FEMALE,High School,tech-support,golf,unmarried,31443,-19204,04/08/14,Single Vehicle Collision,Front Collision,Minor Damage,,WV,Riverwood,9128 2nd Drive,12,3,?,1,2,NO,47698,7189,6507,34002,Dodge,Pathfinder,2001,N,0,
71,74,773758,08/07/10,WV,250/500,1000,1664.87,5000000,497165,MALE,Associate,protective-serv,dancing,husband,8525,-45128,07/21/15,Multi-vehicle Collision,Side Collision,Minor Damage,Police,NC,Riverwood,4903 5th Ridge,0,1,?,2,0,YES,2429,513,316,1600,Honda,92x,2007,N,0,Outstanding experience. Renewing definitely.
77,68,496628,05/15/13,OH,500/1000,500,1969,4000000,489339,FEMALE,PhD,protective-serv,board-games,unmarried,75977,-9726,04/04/15,Multi-vehicle Collision,Rear Collision,Major Damage,Police,NY,Columbus,2752 2nd Drive,15,1,YES,1,3,NO,65141,9815,13204,42122,Accura,A3,1998,N,0,
139,48,702067,12/18/10,VA,100/300,1000,970.59,6000000,454822,MALE,PhD,sales,bungie-jumping,wife,22936,-72048,10/09/15,Parked Car,Rear Collision,Minor Damage,Ambulance,NY,Columbus,8445 3rd Hwy,13,3,?,2,3,YES,117205,7415,29276,80514,Accura,Civic,2008,Y,1,Extremely unresponsive to queries.
360,52,771103,08/03/90,IN,250/500,500,1011.18,4000000,560272,MALE,High School,tech-support,golf,unmarried,55503,-55093,01/12/15,Multi-vehicle Collision,Front Collision,Minor Damage,Ambulance,NC,Hillsdale,6819 4th St,3,1,YES,0,3,YES,99267,6204,13539,79524,Mercedes,Pathfinder,2005,N,0,
104,56,233479,10/20/94,VA,500/1000,2000,1750.32,0,474625,FEMALE,MD,armed-forces,sleeping,own-child,20738,-42775,11/17/15,Single Vehicle Collision,Side Collision,Major Damage,,IL,Riverwood,5182 3rd Hwy,21,1,YES,2,1,YES,100001,9948,13092,76961,Nissan,Pathfinder,2003,N,0,
105,65,383602,03/27/08,VA,100/300,1000,813.82,6000000,605493,MALE,PhD,priv-house-serv,skydiving,wife,67143,-17418,11/04/15,Multi-vehicle Collision,Front Collision,Minor Damage,Police,IN,Riverwood,5175 1st Ave,13,2,YES,2,2,YES,85160,17633,5802,61725,Ford,Civic,2005,N,0,
497,32,854021,10/31/05,IL,250/500,1000,901.21,4000000,691767,FEMALE,MD,exec-managerial,reading,wife,38208,-79646,12/09/14,Multi-vehicle Collision,Rear Collision,Major Damage,,OH,Springfield,2150 2nd Drive,12,3,YES,2,1,?,25080,4457,1977,18646,Dodge,Camry,2005,N,0,
466,29,427159,07/30/02,NY,500/1000,1000,1702.05,5000000,679282,MALE,Associate,armed-forces,skydiving,unmarried,53666,-13168,07/31/14,Parked Car,Side Collision,Minor Damage,Fire,IN,Columbus,9215 Elm Lane,20,3,YES,2,3,NO,73932,6189,3833,63910,Ford,Camry,2013,Y,1,Cannot reach customer service.
351,63,291590,09/04/06,VA,100/300,1000,1081.54,4000000,425811,FEMALE,PhD,protective-serv,bungie-jumping,unmarried,27049,-10832,06/15/15,Vehicle Theft,Rear Collision,Minor Damage,Police,SC,Riverwood,7904 2nd Drive,20,2,?,1,3,YES,58005,7705,4528,45772,Accura,95,2001,N,0,
193,49,154378,01/14/05,IN,500/1000,1000,1723.92,0,420725,FEMALE,High School,machine-op-inspct,board-games,unmarried,77852,-50629,04/02/15,Single Vehicle Collision,Front Collision,Minor Damage,Police,IN,Hillsdale,9517 3rd Hwy,13,3,NO,1,3,?,74920,15382,15867,43671,Chevrolet,A5,2003,Y,1,
321,52,226962,07/12/05,SC,100/300,1000,1292.87,0,523677,FEMALE,Masters,sales,board-games,own-child,70002,-26570,12/10/15,Multi-vehicle Collision,Front Collision,Total Loss,Police,IL,Hillsdale,2095 2nd Drive,5,2,NO,1,0,YES,46127,9405,4082,32640,Dodge,92x,1996,N,0,
162,47,322233,04/24/12,WV,250/500,2000,1432.97,0,541281,FEMALE,Masters,exec-managerial,sleeping,own-child,69276,-69539,12/15/14,Single Vehicle Collision,Front Collision,Minor Damage,Police,VA,Springfield,6284 1st Ave,0,2,YES,0,0,?,78556,9585,14893,54078,Ford,Highlander,2007,Y,1,
8,61,187439,08/14/94,WV,100/300,1000,1828.36,0,491042,FEMALE,High School,exec-managerial,camping,other-relative,39981,-65078,07/17/15,Single Vehicle Collision,Rear Collision,Major Damage,Ambulance,WV,Columbus,5112 5th Ridge,0,3,YES,0,3,NO,9443,541,1312,7590,Chevrolet,RSX,2008,N,0,
450,48,688795,08/21/91,OH,100/300,500,1282.11,5000000,571743,MALE,Masters,sales,camping,unmarried,3627,-77415,05/09/14,Parked Car,Front Collision,Major Damage,Police,NC,Riverwood,4632 4th St,3,3,YES,1,3,YES,54528,12250,10703,31575,Chevrolet,RAM,1996,N,0,
495,59,701368,05/23/15,OH,250/500,500,1479.03,0,595848,MALE,Masters,sales,bungie-jumping,other-relative,51282,-34075,06/19/15,Single Vehicle Collision,Front Collision,Minor Damage,Police,NY,Columbus,2757 Elm Lane,10,2,?,2,2,NO,12140,762,1170,10208,Nissan,92x,2010,N,0,
24,50,383813,07/15/93,NC,100/300,2000,1489.2,4000000,546478,FEMALE,MD,machine-op-inspct,board-games,wife,48357,-18119,12/22/15,Single Vehicle Collision,Rear Collision,Minor Damage,,NC,Arlington,6963 1st Ave,9,1,?,0,1,YES,30021,4743,3808,21470,Accura,Tahoe,1999,N,0,
284,20,778343,03/21/90,NC,250/500,2000,1401.9,0,568674,MALE,Associate,armed-forces,skydiving,husband,355,-39626,11/19/15,Multi-vehicle Collision,Side Collision,Total Loss,Police,IN,Riverwood,1322 2nd Drive,22,2,?,0,1,?,60334,7404,12020,40910,Audi,92x,2013,Y,1,
488,56,634584,08/14/03,NC,100/300,1000,1052.65,0,462476,FEMALE,MD,sales,golf,own-child,24258,-42233,09/28/14,Multi-vehicle Collision,Rear Collision,Minor Damage,Police,SC,Springfield,8624 1st Ave,18,1,NO,1,1,YES,94322,4889,12554,76879,Nissan,Tahoe,2002,N,0,Claim processing took months.
409,23,935041,02/24/90,IN,100/300,1000,1973.11,6000000,652904,FEMALE,MD,exec-managerial,skydiving,unmarried,4579,-66292,03/17/14,Single Vehicle Collision,Side Collision,Minor Damage,Police,NY,Springfield,3218 4th St,6,3,YES,0,3,YES,89574,7587,17527,64460,Dodge,F150,2002,Y,1,
464,55,425460,04/26/02,SC,250/500,2000,883.81,3000000,662008,MALE,Associate,tech-support,sleeping,unmarried,43421,-42034,06/27/14,Multi-vehicle Collision,?,Minor Damage,,WV,Northbend,4667 3rd Hwy,10,3,?,0,3,?,113235,24592,27075,61568,Chevrolet,RSX,2014,Y,1,
399,22,887697,01/30/14,NY,250/500,1000,1922.9,0,455223,MALE,High School,machine-op-inspct,reading,other-relative,14862,-14407,09/28/15,Single Vehicle Collision,Rear Collision,Major Damage,,IL,Springfield,4484 Elm Lane,20,3,NO,0,2,YES,93076,8204,22653,62219,Audi,92x,2015,Y,1,
332,77,630582,02/05/98,NC,250/500,1000,1168.47,0,697414,FEMALE,MD,machine-op-inspct,golf,husband,61928,-3204,07/20/14,Multi-vehicle Collision,Front Collision,Minor Damage,Other,NC,Arlington,8167 Elm Lane,12,3,YES,2,0,YES,72640,3831,14396,54413,Saab,Civic,2002,Y,1,
255,33,941947,12/12/97,WV,500/1000,1000,940.76,0,520430,FEMALE,MD,armed-forces,camping,unmarried,37927,-79684,09/03/14,Multi-vehicle Collision,Rear Collision,Total Loss,Police,SC,Northbend,8088 Elm Lane,23,2,YES,2,3,NO,110378,8418,27311,74649,Nissan,Pathfinder,2006,Y,1,
285,31,686277,11/06/98,NC,250/500,1000,1229.26,6000000,412382,FEMALE,MD,priv-house-serv,dancing,husband,50261,-13584,03/29/15,Multi-vehicle Collision,?,Minor Damage,Other,IN,Northbend,9525 1st Ave,21,1,YES,0,2,YES,87975,21260,16732,49983,Mercedes,RAM,1998,N,0,
10,18,998096,10/27/93,IL,500/1000,1000,1897.87,0,568645,MALE,Associate,exec-managerial,sleeping,other-relative,36873,-1565,08/20/14,Vehicle Theft,Front Collision,Minor Damage,,IL,Riverwood,6501 Elm Lane,11,3,NO,1,2,?,41802,3990,7946,29866,Ford,A3,2006,N,0,
262,26,464633,12/30/99,WV,250/500,500,1578.93,0,490983,MALE,High School,priv-house-serv,camping,husband,79234,-74119,11/21/14,Parked Car,?,Major Damage,Police,NY,Columbus,7829 2nd Drive,19,2,YES,2,2,YES,98010,5341,17404,75265,Toyota,92x,1998,Y,1,
17,20,478373,01/06/06,SC,250/500,1000,1683.82,5000000,430462,MALE,High School,exec-managerial,skydiving,unmarried,66805,-31467,09/26/14,Multi-vehicle Collision,Front Collision,Major Damage,Police,IL,Arlington,9030 3rd Hwy,20,2,?,0,3,YES,12482,2201,758,9523,Saab,Highlander,2009,N,0,
42,63,896924,06/26/97,VA,500/1000,2000,965.02,4000000,606453,MALE,Associate,protective-serv,sleeping,husband,44211,-19981,08/09/15,Multi-vehicle Collision,Front Collision,Minor Damage,Police,VA,Springfield,2028 3rd Hwy,7,2,YES,0,1,YES,108268,21608,22706,63954,Nissan,95,2015,Y,1,Never going back there.
416,25,220605,03/11/12,NC,100/300,2000,1681.67,5000000,447226,MALE,Associate,tech-support,board-games,wife,70351,-5043,05/17/15,Single Vehicle Collision,Side Collision,Major Damage,Police,SC,Northbend,2767 1st Ave,3,3,NO,1,1,YES,109030,11005,21540,76485,Accura,RSX,2015,Y,1,
46,33,105347,08/07/96,IL,100/300,500,865.47,6000000,449708,MALE,High School,priv-house-serv,dancing,unmarried,4189,-50632,07/30/14,Multi-vehicle Collision,?,Minor Damage,Police,NY,Riverwood,3566 Maple Drive,7,1,?,0,0,YES,111058,9879,9688,91491,Dodge,A5,1995,N,0,
283,73,826680,04/22/95,OH,100/300,1000,1671.16,0,533506,FEMALE,Masters,protective-serv,camping,unmarried,65429,-50931,09/14/15,Single Vehicle Collision,Rear Collision,Minor Damage,Police,SC,Northbend,3160 Maple Drive,14,1,?,1,0,YES,9014,1103,523,7388,Toyota,Highlander,1996,N,0,
345,35,216937,02/16/05,OH,250/500,500,1906.62,0,460037,FEMALE,MD,armed-forces,camping,wife,77576,-1705,12/07/14,Multi-vehicle Collision,Side Collision,Minor Damage,Police,IN,Arlington,5364 1st Ave,3,2,YES,0,1,YES,67682,4422,15696,47564,Accura,F150,2005,N,0,
12,56,463554,10/03/14,SC,100/300,1000,1131.54,5000000,617295,FEMALE,High School,sales,sleeping,unmarried,27997,-65315,04/09/14,Vehicle Theft,Side Collision,Total Loss,Ambulance,NY,Arlington,3575 Elm Lane,9,2,NO,1,3,?,11687,645,2880,8162,Honda,Camry,2007,N,0,
479,29,599208,10/21/03,WV,100/300,2000,1695.36,6000000,487435,MALE,MD,protective-serv,dancing,husband,71813,-24023,06/18/15,Vehicle Theft,Front Collision,Major Damage,,OH,Hillsdale,2583 2nd Drive,17,3,YES,0,0,YES,6115,375,536,5204,Accura,92x,2012,N,0,
207,41,961440,05/24/06,IN,250/500,500,806.77,6000000,685138,FEMALE,High School,priv-house-serv,sleeping,wife,11233,-50796,01/30/14,Vehicle Theft,?,Major Damage,Ambulance,WV,Columbus,2032 4th St,0,3,?,1,3,YES,28234,1903,6938,19393,Saab,Highlander,2011,N,0,Staff lacks product knowledge. Wrong information given.
255,47,242708,04/27/14,IN,500/1000,2000,1679.49,3000000,441656,MALE,High School,tech-support,camping,unmarried,77264,-41576,02/23/14,Vehicle Theft,Side Collision,Major Damage,,SC,Northbend,8160 5th Ridge,17,3,?,2,2,YES,29309,2325,2773,24211,Honda,Tahoe,2000,N,0,
472,70,256263,12/14/02,VA,100/300,2000,1803.16,5000000,610620,MALE,Masters,sales,board-games,wife,70410,-15003,01/07/14,Multi-vehicle Collision,Rear Collision,Minor Damage,,WV,Northbend,4841 Maple Drive,3,2,NO,2,2,YES,44514,3560,9867,31087,Toyota,A5,2008,N,0,
1,43,367946,01/27/90,NC,250/500,1000,872.55,5000000,481485,FEMALE,High School,tech-support,sleeping,other-relative,12403,-32050,04/09/15,Single Vehicle Collision,?,Total Loss,Police,VA,Riverwood,4550 3rd Hwy,8,1,YES,0,1,YES,66495,6836,11084,48575,Accura,95,2014,N,0,
63,42,219260,02/01/09,WV,500/1000,500,1493.53,4000000,558357,MALE,High School,sales,skydiving,own-child,42189,-54275,09/27/15,Parked Car,Side Collision,Total Loss,Fire,IN,Columbus,3954 Maple Drive,11,3,YES,0,0,NO,115775,28078,18723,68974,Nissan,E400,1996,Y,1,Renewal process unnecessarily complex.
414,78,315265,06/25/97,VA,250/500,2000,1016.44,6000000,434469,MALE,Masters,protective-serv,skydiving,other-relative,5710,-50626,05/06/14,Single Vehicle Collision,Side Collision,Major Damage,,IL,Arlington,7535 Maple Drive,2,1,NO,1,2,YES,96673,14964,7005,74704,Toyota,Pathfinder,2007,N,0,Billing issues never resolved properly.
156,40,124486,12/29/15,NY,100/300,500,1632.34,6000000,438293,FEMALE,Associate,protective-serv,bungie-jumping,wife,21816,-1208,08/17/14,Multi-vehicle Collision,Front Collision,Major Damage,Police,IL,Arlington,4977 5th Ridge,22,2,NO,1,0,?,12235,2581,2059,7595,Saab,92x,2010,N,0,
415,59,831844,05/27/97,WV,250/500,1000,1165.98,0,658205,MALE,MD,sales,board-games,own-child,47455,-40135,09/08/15,Single Vehicle Collision,Rear Collision,Major Damage,Police,IL,Hillsdale,3066 4th St,13,1,YES,2,3,YES,36233,3821,8954,23458,Toyota,F150,1995,N,0,
464,76,737407,01/07/13,WV,100/300,2000,1359.68,4000000,657145,FEMALE,High School,protective-serv,camping,own-child,30751,-55593,02/24/15,Multi-vehicle Collision,Front Collision,Major Damage,,VA,Riverwood,4359 3rd Hwy,8,1,NO,2,3,NO,57832,10451,10761,36620,Chevrolet,Highlander,2014,N,0,
168,54,330788,05/26/07,SC,100/300,2000,1457.11,6000000,577566,MALE,High School,sales,board-games,unmarried,60793,-22333,09/19/14,Multi-vehicle Collision,Side Collision,Total Loss,,NY,Riverwood,7074 1st Ave,8,1,?,1,0,YES,44543,3141,4310,37092,Dodge,Highlander,1996,N,0,
2,63,682344,05/05/93,VA,250/500,2000,1104.57,4000000,583240,FEMALE,High School,protective-serv,skydiving,unmarried,43487,-2129,12/07/14,Multi-vehicle Collision,?,Minor Damage,Police,SC,Riverwood,7553 Maple Drive,6,3,NO,2,1,?,46984,8625,7529,30830,Audi,F150,2009,N,0,
340,53,509945,06/20/03,SC,500/1000,500,1715.44,0,580192,MALE,High School,machine-op-inspct,camping,unmarried,70489,-78948,02/14/15,Parked Car,Front Collision,Minor Damage,Other,IN,Springfield,9973 1st Ave,2,2,YES,2,3,YES,107783,13700,11528,82555,Mercedes,Pathfinder,2004,Y,1,
398,63,470369,06/16/94,NC,100/300,500,813.75,0,514372,MALE,Masters,tech-support,golf,own-child,23699,-40129,12/04/15,Parked Car,Front Collision,Total Loss,Police,IL,Hillsdale,4312 5th Ridge,12,1,NO,0,3,YES,56774,3093,10217,43464,Honda,A5,2013,N,0,
71,35,880095,08/04/11,IN,250/500,1000,885.07,6000000,560106,FEMALE,Masters,priv-house-serv,reading,wife,24340,-7299,11/04/14,Parked Car,Rear Collision,Major Damage,,IL,Springfield,3040 5th Ridge,22,2,NO,2,3,NO,97887,7224,6412,84251,Accura,92x,2004,N,0,Poor customer service experience. Representatives were unhelpful and rude.
127,53,228426,03/30/02,WV,250/500,1000,1111.97,6000000,453824,FEMALE,High School,protective-serv,skydiving,unmarried,69499,-70308,12/05/14,Single Vehicle Collision,Front Collision,Minor Damage,,IN,Hillsdale,1529 4th St,12,2,YES,0,0,NO,118715,15245,11030,92440,Toyota,Pathfinder,1995,Y,1,
82,73,526745,08/10/00,IN,250/500,2000,1255.15,5000000,555724,FEMALE,Masters,armed-forces,camping,wife,73504,-40017,12/12/15,Single Vehicle Collision,Front Collision,Major Damage,Police,IN,Columbus,1907 2nd Drive,20,2,NO,2,2,YES,82059,10192,8407,63460,Mercedes,RAM,2007,N,0,Neither good nor bad.
301,29,367522,12/04/12,WV,250/500,500,1504.74,4000000,616791,MALE,Associate,machine-op-inspct,skydiving,wife,77537,-50088,06/06/14,Vehicle Theft,Front Collision,Major Damage,Police,NC,Columbus,1620 2nd Drive,22,3,YES,0,1,YES,7612,1552,895,5165,Toyota,Highlander,2015,N,0,
356,25,891841,06/05/07,WV,100/300,2000,1498.1,0,654030,FEMALE,MD,priv-house-serv,reading,own-child,69448,-66794,01/27/15,Parked Car,Side Collision,Minor Damage,Police,WV,Riverwood,9632 4th St,22,1,NO,2,0,NO,110392,22514,13649,74229,Audi,F150,2013,N,0,
17,42,179262,07/25/15,IL,250/500,1000,1155.23,0,493482,FEMALE,PhD,tech-support,reading,wife,35751,-22594,01/27/14,Single Vehicle Collision,Rear Collision,Major Damage,Police,IN,Riverwood,5738 4th St,5,3,YES,2,3,?,77439,9804,9440,58195,Saab,RSX,2002,Y,1,
255,63,652049,06/12/08,VA,100/300,1000,1805.37,0,618055,FEMALE,Masters,machine-op-inspct,golf,husband,78768,-19489,02/11/14,Parked Car,Front Collision,Minor Damage,Other,OH,Riverwood,3922 5th Ridge,21,1,YES,1,1,NO,37051,4395,3971,28685,Saab,Camry,2003,N,0,
364,68,623651,06/10/01,NC,250/500,1000,1198.56,0,681677,MALE,Masters,sales,skydiving,husband,44070,-17985,03/08/14,Multi-vehicle Collision,Front Collision,Minor Damage,,NY,Northbend,9555 4th St,0,2,NO,0,1,?,87174,21551,21555,44068,Honda,Highlander,2005,Y,1,
294,25,825054,05/27/15,OH,250/500,500,1345.79,0,457455,MALE,MD,sales,skydiving,other-relative,67544,-19414,03/06/15,Single Vehicle Collision,Rear Collision,Minor Damage,Ambulance,IL,Hillsdale,3047 Maple Drive,8,2,NO,2,0,NO,69989,5013,11248,53728,Accura,RAM,2014,N,0,
493,57,627732,03/20/06,NC,250/500,1000,997.53,4000000,505751,MALE,MD,machine-op-inspct,reading,husband,70144,-34917,01/03/15,Single Vehicle Collision,Front Collision,Total Loss,Police,NC,Springfield,4405 Elm Lane,17,2,YES,0,2,YES,74628,12945,8243,53440,Dodge,92x,2011,Y,1,
262,48,450967,05/26/93,VA,500/1000,500,1041.02,3000000,669439,MALE,PhD,armed-forces,board-games,other-relative,62533,-61516,02/02/15,Parked Car,Front Collision,Total Loss,Other,WV,Arlington,3652 Maple Drive,13,1,YES,0,2,NO,118987,17101,20305,81581,Chevrolet,E400,2002,Y,1,
465,53,427962,01/19/00,IL,500/1000,2000,1724.01,0,437893,MALE,PhD,exec-managerial,board-games,husband,29645,-53549,12/13/15,Multi-vehicle Collision,Rear Collision,Total Loss,Other,WV,Riverwood,1156 2nd Drive,15,2,NO,0,1,YES,14894,3094,1559,10241,Saab,Camry,2007,N,0,
470,31,594211,05/24/09,WV,250/500,1000,1163.85,6000000,535273,FEMALE,MD,sales,golf,wife,70967,-79931,02/15/15,Single Vehicle Collision,?,Minor Damage,,IN,Hillsdale,9323 2nd Drive,8,1,YES,2,2,YES,23403,1307,3804,18292,Ford,A5,2013,N,0,
90,29,594862,09/27/94,NC,250/500,2000,998.3,3000000,605513,MALE,MD,tech-support,skydiving,husband,63597,-38964,09/24/15,Multi-vehicle Collision,Side Collision,Minor Damage,Ambulance,NY,Northbend,4963 1st Ave,10,1,YES,1,0,YES,49595,4998,2743,41854,Nissan,E400,1999,N,0,
394,52,116966,09/07/91,NY,100/300,1000,1550.59,3000000,694481,MALE,Associate,armed-forces,board-games,husband,58831,-65080,12/09/14,Vehicle Theft,Side Collision,Minor Damage,Fire,IL,Hillsdale,7703 5th Ridge,15,3,?,0,1,NO,26774,5918,5488,15368,Chevrolet,Highlander,2006,N,0,Staff lacks professionalism and courtesy.
311,53,681917,04/06/03,IL,500/1000,500,1040.33,4000000,546492,FEMALE,High School,armed-forces,reading,own-child,8048,-11266,04/12/15,Multi-vehicle Collision,Side Collision,Minor Damage,Police,OH,Columbus,9886 2nd Drive,15,2,YES,0,2,NO,44252,8691,8293,27268,Ford,F150,2003,N,0,
449,30,710783,02/03/06,SC,250/500,1000,1524.96,4000000,664202,MALE,Associate,priv-house-serv,bungie-jumping,wife,55733,-41909,07/15/15,Single Vehicle Collision,Front Collision,Minor Damage,,IL,Riverwood,4028 Maple Drive,10,1,NO,2,1,NO,113015,17757,22683,72575,Accura,95,2009,N,0,
124,31,565607,11/21/13,NY,100/300,1000,1623.62,4000000,556629,MALE,High School,exec-managerial,sleeping,own-child,18160,-42126,10/03/15,Multi-vehicle Collision,?,Total Loss,Police,SC,Springfield,9443 2nd Drive,1,1,NO,2,0,YES,7813,1548,1030,5235,Honda,RSX,1998,N,0,
146,49,119021,10/15/92,VA,100/300,1000,1503.75,6000000,443498,FEMALE,MD,sales,camping,unmarried,21885,-55900,03/06/14,Multi-vehicle Collision,Side Collision,Minor Damage,Police,VA,Springfield,1601 Elm Lane,4,3,YES,1,1,YES,59045,4386,13154,41505,Nissan,95,2014,N,0,
204,55,753810,12/26/95,NC,100/300,2000,1441.44,4000000,476658,MALE,Masters,exec-managerial,camping,own-child,20449,-10211,10/20/14,Multi-vehicle Collision,Rear Collision,Minor Damage,,NC,Springfield,9277 Elm Lane,18,3,NO,2,1,YES,26227,3464,2353,20410,Chevrolet,RAM,1995,N,0,
489,19,772539,08/11/91,WV,100/300,2000,1998.62,3000000,623486,MALE,High School,sales,golf,wife,64610,-5586,12/23/14,Vehicle Theft,Front Collision,Total Loss,Police,OH,Northbend,1508 Maple Drive,16,3,?,0,0,YES,74777,10556,11819,52402,Ford,A3,1996,Y,1,
499,62,207738,07/03/94,IN,500/1000,1000,975.34,3000000,622871,FEMALE,Masters,protective-serv,board-games,husband,43127,-5842,08/24/15,Single Vehicle Collision,Front Collision,Major Damage,Police,SC,Northbend,7274 5th Ridge,15,1,YES,1,2,YES,113783,10796,25315,77672,Mercedes,E400,1998,Y,1,
409,33,993818,12/25/05,IL,250/500,2000,988.33,0,462750,MALE,Masters,machine-op-inspct,board-games,wife,47228,-68368,05/08/15,Multi-vehicle Collision,Rear Collision,Minor Damage,Police,WV,Northbend,1731 5th Ridge,11,1,YES,2,2,YES,35373,6994,7081,21298,Chevrolet,RSX,2006,N,0,
26,65,426633,01/28/03,NY,250/500,500,1812.63,6000000,426459,FEMALE,High School,protective-serv,skydiving,husband,10820,-36220,10/07/15,Multi-vehicle Collision,Rear Collision,Major Damage,,WV,Columbus,8029 Elm Lane,17,2,NO,0,1,?,81509,11246,9423,60840,Mercedes,E400,2000,N,0,Website is difficult to navigate. Policy terms confusing.
50,63,961226,12/22/11,IL,100/300,2000,827.16,3000000,432636,MALE,MD,exec-managerial,camping,husband,13395,-54445,06/05/15,Single Vehicle Collision,Rear Collision,Major Damage,Police,OH,Hillsdale,2725 Maple Drive,18,2,NO,0,1,YES,74501,17690,8944,47867,Audi,A5,1999,N,0,
339,72,882798,06/23/09,VA,100/300,1000,839.6,0,455009,MALE,Associate,armed-forces,reading,unmarried,74287,-5444,09/26/15,Multi-vehicle Collision,?,Major Damage,Ambulance,NC,Riverwood,3154 3rd Hwy,3,1,NO,1,2,NO,26298,2641,3038,20619,Nissan,Pathfinder,2011,N,0,
44,50,666011,08/02/93,NY,500/1000,2000,1355.47,3000000,533555,MALE,MD,tech-support,reading,husband,30650,-34010,04/21/14,Vehicle Theft,Side Collision,Total Loss,Police,WV,Springfield,6543 5th Ridge,18,1,NO,1,2,YES,36653,2456,3854,30343,Ford,F150,2012,N,0,
484,61,822095,07/03/03,NY,100/300,500,1226.33,4000000,534420,MALE,Associate,machine-op-inspct,dancing,husband,62100,-4908,02/17/15,Multi-vehicle Collision,Front Collision,Minor Damage,Police,NC,Columbus,2931 1st Ave,14,2,?,1,3,NO,21426,1159,2491,17776,Ford,RAM,2013,N,0,
96,48,806343,06/26/09,IN,500/1000,500,959.4,4000000,582196,MALE,High School,sales,bungie-jumping,wife,70076,-77506,04/16/15,Multi-vehicle Collision,Side Collision,Minor Damage,Police,NC,Columbus,4012 4th St,14,3,YES,0,1,YES,26261,3284,3725,19252,Ford,92x,2010,N,0,
471,37,377687,03/11/03,SC,250/500,2000,1435.77,6000000,424747,FEMALE,PhD,sales,sleeping,unmarried,29599,-75140,02/21/14,Vehicle Theft,Front Collision,Minor Damage,Police,OH,Columbus,1585 3rd Hwy,20,2,?,0,0,NO,57266,3073,8305,45888,Toyota,RAM,2007,N,0,Settlement amount very low compared to damage.
168,57,308270,01/22/98,IL,100/300,1000,1670.6,6000000,563589,FEMALE,High School,priv-house-serv,camping,wife,34241,-38283,08/27/14,Multi-vehicle Collision,Rear Collision,Major Damage,Police,IN,Riverwood,3030 Elm Lane,2,3,NO,1,2,NO,27472,2305,6027,19140,Honda,Civic,1996,N,0,
131,59,427317,01/09/11,NY,500/1000,1000,1179.26,0,527272,MALE,MD,protective-serv,sleeping,wife,14995,-70091,03/12/15,Vehicle Theft,?,Minor Damage,Other,NY,Arlington,9752 Elm Lane,3,2,NO,2,3,?,113501,19219,15959,78323,Mercedes,E400,2011,Y,1,
110,50,515723,02/07/94,VA,250/500,2000,1726.53,4000000,622554,MALE,High School,armed-forces,camping,husband,16294,-4218,08/06/15,Multi-vehicle Collision,Front Collision,Minor Damage,Police,NC,Hillsdale,7400 Maple Drive,10,1,YES,0,0,YES,113758,10340,26195,77223,Mercedes,95,2003,Y,1,
385,35,243200,08/09/92,IL,100/300,1000,1471.43,6000000,616029,MALE,PhD,armed-forces,reading,other-relative,70792,-48328,12/27/15,Single Vehicle Collision,Rear Collision,Minor Damage,Police,VA,Springfield,5390 Maple Drive,11,3,NO,2,0,?,99760,11360,14292,74108,Honda,Highlander,2007,Y,1,
26,34,766123,10/11/13,IN,100/300,1000,1675.91,4000000,442597,FEMALE,Associate,exec-managerial,reading,other-relative,77644,-41358,05/23/14,Vehicle Theft,Side Collision,Minor Damage,,NC,Riverwood,4448 4th St,4,2,NO,0,2,YES,71997,12417,10735,48845,Chevrolet,A3,2009,N,0,
295,75,163810,01/02/96,IL,100/300,500,1057.34,4000000,481566,MALE,High School,sales,dancing,own-child,74091,-32191,03/15/14,Multi-vehicle Collision,?,Total Loss,Police,NY,Northbend,1205 4th St,16,2,YES,1,3,YES,4911,825,424,3662,Chevrolet,Highlander,2003,N,0,
223,73,217728,12/18/01,IN,500/1000,500,1369.42,4000000,498146,FEMALE,MD,protective-serv,board-games,wife,2075,-7803,12/21/15,Multi-vehicle Collision,Front Collision,Minor Damage,Police,IL,Northbend,4856 1st Ave,9,2,?,0,0,YES,85437,20983,10765,53689,Chevrolet,Tahoe,2003,N,0,Company refused honor terms.
273,65,400914,12/19/00,IN,250/500,2000,1140.87,4000000,638459,MALE,Associate,priv-house-serv,golf,own-child,45930,-5921,06/27/14,Multi-vehicle Collision,Side Collision,Total Loss,Other,NY,Northbend,3039 3rd Hwy,10,3,YES,0,3,YES,74808,15245,17258,42305,Chevrolet,A5,1998,Y,1,
131,37,360840,11/10/07,SC,100/300,1000,839.65,5000000,611647,MALE,Associate,exec-managerial,board-games,own-child,49285,-70749,06/28/15,Single Vehicle Collision,Rear Collision,Minor Damage,Other,NY,Northbend,3517 5th Ridge,8,2,YES,2,3,NO,5714,693,651,4370,Honda,Highlander,1995,N,0,Competitive rates smooth process.
31,47,894484,02/25/06,SC,250/500,2000,991.5,6000000,539279,FEMALE,High School,armed-forces,board-games,other-relative,55778,-76424,01/18/14,Parked Car,Front Collision,Minor Damage,Police,SC,Riverwood,6528 1st Ave,3,1,NO,2,3,NO,114302,20195,7095,87012,Dodge,A5,2005,N,0,
231,19,255319,12/10/05,OH,100/300,1000,1060.54,4000000,447092,FEMALE,Associate,priv-house-serv,dancing,other-relative,22783,-36615,07/05/14,Multi-vehicle Collision,?,Major Damage,Police,IL,Columbus,8573 Elm Lane,7,1,YES,2,1,YES,46768,2960,2350,41458,Saab,A3,2011,N,0,
158,53,322143,10/02/06,SC,100/300,1000,1032.1,5000000,497981,MALE,Masters,armed-forces,skydiving,wife,29671,-31586,06/04/14,Multi-vehicle Collision,Front Collision,Total Loss,Police,VA,Hillsdale,5561 4th St,16,2,NO,1,0,NO,34290,5818,3276,25196,Accura,RAM,2008,N,0,Customer care never responds to calls promptly. Service very slow.
391,29,332660,11/14/04,WV,250/500,1000,1327.23,0,667601,MALE,PhD,tech-support,board-games,other-relative,66318,-56153,04/12/15,Multi-vehicle Collision,Rear Collision,Total Loss,,IL,Springfield,5370 3rd Hwy,4,2,YES,2,1,YES,65069,12725,8730,43614,Dodge,RSX,2008,Y,1,
168,79,468017,05/15/04,SC,100/300,2000,1502.19,4000000,667299,MALE,High School,exec-managerial,bungie-jumping,unmarried,68820,-26222,06/07/14,Single Vehicle Collision,Side Collision,Major Damage,Police,IN,Hillsdale,6787 3rd Hwy,23,2,NO,2,2,YES,47401,8677,7326,31398,Saab,A5,2001,N,0,
161,43,200565,10/18/94,NC,100/300,2000,1901.27,0,467597,FEMALE,High School,protective-serv,skydiving,unmarried,79450,-25495,05/24/14,Single Vehicle Collision,Front Collision,Minor Damage,Ambulance,IL,Hillsdale,1257 Elm Lane,12,3,NO,2,1,NO,52217,2967,9886,39364,Toyota,A5,1997,N,0,
192,20,440285,11/11/12,WV,100/300,500,898.02,0,430661,FEMALE,PhD,tech-support,golf,own-child,56415,-20813,10/31/15,Multi-vehicle Collision,Rear Collision,Major Damage,Police,NY,Riverwood,5542 Maple Drive,1,2,NO,0,3,YES,18455,3222,4424,10809,Saab,Tahoe,1995,N,0,
21,18,284950,11/28/00,IL,100/300,500,1067.58,6000000,612142,FEMALE,Masters,priv-house-serv,bungie-jumping,other-relative,16482,-27722,12/03/14,Single Vehicle Collision,Front Collision,Minor Damage,,SC,Hillsdale,6102 1st Ave,23,1,NO,2,1,YES,39842,2455,3938,33449,Mercedes,95,1999,N,0,
250,60,311677,08/28/98,NY,250/500,1000,1299.44,5000000,525637,FEMALE,MD,armed-forces,sleeping,husband,26930,-36000,12/28/14,Vehicle Theft,Side Collision,Major Damage,Fire,NC,Springfield,6187 4th St,3,1,YES,2,3,?,94534,13270,19965,61299,Mercedes,92x,2005,Y,1,
417,51,659101,11/02/10,SC,250/500,500,1471.93,0,689581,FEMALE,MD,machine-op-inspct,board-games,own-child,2694,-592,09/08/14,Single Vehicle Collision,Rear Collision,Minor Damage,,IL,Northbend,6849 Maple Drive,17,2,YES,2,1,YES,44493,7882,10121,26490,Saab,Civic,2007,N,0,
253,61,255877,09/13/07,OH,250/500,1000,1895.98,3000000,631265,MALE,High School,protective-serv,reading,wife,28646,-36798,06/30/14,Vehicle Theft,Side Collision,Minor Damage,Police,SC,Springfield,3278 4th St,20,3,?,0,3,?,96375,6045,6339,83991,Saab,Highlander,1996,Y,1,
245,77,961603,10/04/96,IL,100/300,2000,1939.13,3000000,494803,MALE,High School,sales,sleeping,unmarried,74801,-68453,04/10/15,Multi-vehicle Collision,Front Collision,Minor Damage,Other,NC,Springfield,9696 Maple Drive,12,2,NO,0,3,YES,20532,2003,1338,17191,Honda,RAM,2007,N,0,
247,37,203490,06/06/11,IN,100/300,500,873.89,5000000,569635,MALE,MD,tech-support,sleeping,other-relative,67858,-66348,01/20/15,Multi-vehicle Collision,Rear Collision,Minor Damage,Police,NC,Northbend,6563 1st Ave,21,2,YES,0,0,YES,94324,15227,16220,62877,Accura,RSX,2013,Y,1,Acceptable coverage moderate premium.
122,52,591225,02/22/92,IN,250/500,1000,1655.68,0,507566,MALE,Associate,armed-forces,skydiving,unmarried,25259,-75848,08/31/15,Single Vehicle Collision,Front Collision,Major Damage,Police,OH,Northbend,8964 2nd Drive,11,2,YES,1,2,YES,73123,16063,9750,47310,Audi,92x,1995,N,0,
55,26,529695,10/12/96,WV,500/1000,500,1346.48,0,552819,FEMALE,MD,protective-serv,reading,own-child,16253,-24739,10/20/15,Multi-vehicle Collision,Side Collision,Minor Damage,,WV,Columbus,3609 1st Ave,1,3,NO,1,2,YES,92778,21998,11739,59041,Mercedes,A3,2011,Y,1,
464,30,932805,10/19/07,IN,100/300,500,855.54,4000000,559720,MALE,PhD,armed-forces,camping,other-relative,54163,-40324,06/01/14,Single Vehicle Collision,Front Collision,Minor Damage,Police,WV,Columbus,9441 4th St,18,3,YES,1,2,NO,80640,14275,12955,53410,Chevrolet,A5,2002,Y,1,
392,36,178739,10/27/13,NC,250/500,1000,1901.53,5000000,462697,FEMALE,PhD,priv-house-serv,dancing,wife,54654,-37152,12/25/15,Single Vehicle Collision,Rear Collision,Total Loss,,SC,Hillsdale,9614 5th Ridge,3,3,YES,0,0,YES,106406,21504,25066,59836,Nissan,A5,2001,Y,1,Avoid company completely.
367,21,429117,07/26/09,IN,500/1000,1000,1457.62,5000000,623479,MALE,Masters,priv-house-serv,dancing,husband,71020,-39309,11/12/14,Multi-vehicle Collision,Rear Collision,Total Loss,Police,NC,Arlington,2339 5th Ridge,18,1,YES,0,3,YES,96574,13529,22702,60343,Nissan,E400,2010,Y,1,
29,25,513611,02/13/12,NY,500/1000,1000,1963.65,0,615567,FEMALE,Masters,priv-house-serv,reading,husband,43013,-34647,12/18/15,Multi-vehicle Collision,Front Collision,Minor Damage,,OH,Columbus,6591 1st Ave,15,1,NO,0,2,YES,87457,20319,6330,60808,Mercedes,F150,2004,N,0,
211,51,740512,07/20/11,OH,100/300,1000,1302.43,0,547375,FEMALE,MD,sales,bungie-jumping,other-relative,64965,-55164,10/07/14,Multi-vehicle Collision,?,Major Damage,Police,NC,Arlington,4164 Elm Lane,2,2,NO,1,1,YES,7364,780,1008,5576,Audi,RSX,2010,N,0,Regret purchasing policy.
1,48,259565,08/06/05,VA,250/500,1000,858.85,6000000,479784,MALE,MD,exec-managerial,reading,other-relative,35920,-48975,06/27/15,Single Vehicle Collision,?,Minor Damage,Police,IL,Columbus,7250 3rd Hwy,6,1,YES,0,2,NO,23261,5699,4281,13281,Audi,Highlander,2015,N,0,
174,60,405996,01/22/06,VA,250/500,500,860.16,4000000,514061,FEMALE,High School,priv-house-serv,skydiving,own-child,2970,-38916,10/06/15,Single Vehicle Collision,Rear Collision,Minor Damage,Fire,SC,Northbend,3139 3rd Hwy,3,3,NO,0,1,NO,78948,13262,5332,60354,Toyota,E400,2014,N,0,
49,58,390992,11/30/99,WV,250/500,1000,1714.23,3000000,487345,FEMALE,Associate,machine-op-inspct,reading,husband,79757,-5693,01/22/15,Parked Car,Side Collision,Total Loss,Police,NY,Northbend,8477 Elm Lane,10,3,?,0,1,YES,17621,1218,1802,14601,Ford,95,2012,N,0,
36,57,560544,09/27/97,IN,500/1000,500,1664.5,4000000,441449,MALE,Associate,machine-op-inspct,camping,other-relative,5059,-64951,01/01/15,Vehicle Theft,?,Total Loss,Other,VA,Hillsdale,7031 Elm Lane,11,2,NO,2,1,?,114928,25541,10519,78868,Nissan,Camry,2013,Y,1,
232,33,336337,09/30/91,WV,500/1000,2000,1131.91,6000000,422122,MALE,High School,tech-support,camping,other-relative,253,-50803,08/26/15,Multi-vehicle Collision,Rear Collision,Total Loss,Other,SC,Columbus,6777 4th St,7,2,YES,1,0,YES,20344,4713,3219,12412,Mercedes,Camry,1997,N,0,
143,53,234029,07/10/94,IN,250/500,1000,868.47,4000000,584487,FEMALE,MD,exec-managerial,golf,wife,42235,-48585,07/20/14,Multi-vehicle Collision,Side Collision,Total Loss,Ambulance,NC,Arlington,2966 2nd Drive,3,2,?,2,0,YES,74159,6771,5827,61561,Dodge,RAM,2007,N,0,
488,39,125059,10/02/07,VA,100/300,1000,928.5,5000000,620741,MALE,Associate,machine-op-inspct,skydiving,unmarried,1985,-26175,09/29/15,Single Vehicle Collision,Rear Collision,Total Loss,Other,WV,Springfield,1314 1st Ave,20,1,NO,0,1,YES,110737,19018,14588,77131,Dodge,A3,2014,Y,1,
358,40,790752,12/13/97,NC,500/1000,1000,835.21,0,581087,MALE,MD,priv-house-serv,camping,unmarried,16233,-44948,12/30/15,Single Vehicle Collision,Front Collision,Major Damage,Police,IN,Northbend,8302 5th Ridge,0,2,YES,0,1,NO,67927,11217,4291,52419,Nissan,Highlander,2002,N,0,
178,48,891688,06/27/10,IN,250/500,2000,862.56,6000000,638378,FEMALE,Masters,protective-serv,reading,own-child,68438,-13794,03/22/15,Single Vehicle Collision,Front Collision,Major Damage,,NY,Riverwood,9280 1st Ave,23,1,YES,0,3,NO,78030,15820,10971,51239,Saab,95,2012,N,0,
38,42,335971,01/20/90,IN,100/300,500,1017.58,6000000,651043,FEMALE,High School,tech-support,golf,other-relative,3033,-74239,10/22/14,Vehicle Theft,Front Collision,Major Damage,,IL,Arlington,9177 Elm Lane,11,3,NO,0,3,YES,14593,3532,1965,9096,Saab,92x,2006,N,0,
323,25,830774,08/27/15,SC,100/300,2000,1469.76,0,597757,FEMALE,Masters,exec-managerial,bungie-jumping,husband,72331,-37076,09/30/15,Multi-vehicle Collision,Rear Collision,Total Loss,Police,IL,Riverwood,4124 Elm Lane,12,2,NO,0,1,?,33841,3967,4535,25339,Chevrolet,A5,1997,N,0,
188,71,523155,08/16/96,IN,250/500,2000,1830.14,0,648360,FEMALE,PhD,machine-op-inspct,sleeping,other-relative,11209,-8399,06/06/14,Multi-vehicle Collision,?,Minor Damage,Police,VA,Hillsdale,1390 1st Ave,6,1,YES,1,3,YES,44301,4975,7059,32267,Ford,E400,1997,N,0,Claim approved quickly.
189,42,428748,06/29/07,NY,100/300,1000,853.44,0,570429,FEMALE,PhD,tech-support,dancing,wife,29627,-26790,07/28/14,Single Vehicle Collision,Side Collision,Major Damage,,WV,Riverwood,9084 1st Ave,3,1,NO,1,0,YES,15388,2754,2110,10524,Nissan,Tahoe,2013,N,0,
296,20,975635,07/06/02,IL,100/300,1000,1569.28,4000000,468545,MALE,High School,machine-op-inspct,board-games,other-relative,76655,-58272,09/01/15,Single Vehicle Collision,Side Collision,Minor Damage,Police,VA,Arlington,7558 1st Ave,2,1,NO,1,3,NO,10998,1374,2148,7476,Dodge,Highlander,1995,N,0,
204,58,652343,06/18/99,SC,500/1000,1000,1492.29,6000000,488021,FEMALE,PhD,machine-op-inspct,golf,wife,28968,-11717,12/14/14,Single Vehicle Collision,Front Collision,Minor Damage,Other,VA,Riverwood,4521 1st Ave,0,2,YES,0,0,YES,25359,3578,5366,16415,Honda,E400,2007,N,0,
370,36,522617,09/14/11,WV,250/500,1000,1375.54,6000000,600310,FEMALE,High School,exec-managerial,board-games,wife,5064,-66900,11/02/14,Single Vehicle Collision,Front Collision,Minor Damage,Police,OH,Northbend,7318 5th Ridge,5,3,NO,0,3,?,17546,885,1990,14671,Mercedes,A5,2005,N,0,
438,67,761694,01/05/11,WV,500/1000,1000,948.39,0,500524,FEMALE,Masters,machine-op-inspct,board-games,unmarried,69979,-18943,11/28/15,Multi-vehicle Collision,Front Collision,Minor Damage,Other,SC,Hillsdale,7220 2nd Drive,10,1,NO,2,0,YES,109893,15309,23839,70745,Toyota,Highlander,2012,N,0,
371,35,918758,09/23/96,OH,250/500,1000,1308.25,6000000,427614,MALE,High School,exec-managerial,board-games,unmarried,74632,-62372,02/03/15,Single Vehicle Collision,Front Collision,Minor Damage,,SC,Springfield,3347 3rd Hwy,3,1,NO,1,0,YES,38738,5140,7708,25890,Honda,Civic,1995,N,0,
491,70,758870,04/28/11,NY,100/300,500,860.03,5000000,641018,FEMALE,MD,sales,camping,husband,54222,-20565,04/29/14,Multi-vehicle Collision,?,Major Damage,,NY,Springfield,5694 2nd Drive,7,2,YES,1,1,NO,42728,2777,5344,34607,Saab,95,2014,N,0,
147,78,860272,11/28/92,OH,100/300,1000,1157.16,3000000,661291,MALE,MD,priv-house-serv,camping,husband,60156,-68005,04/27/14,Single Vehicle Collision,Side Collision,Major Damage,Ambulance,OH,Springfield,9127 4th St,15,2,NO,2,2,YES,33574,1791,7231,24552,Nissan,E400,2001,N,0,
153,51,965513,07/19/15,IN,500/1000,1000,1974.24,0,525955,MALE,Associate,tech-support,bungie-jumping,unmarried,44146,-76727,04/10/14,Vehicle Theft,Front Collision,Major Damage,Police,NC,Arlington,6785 Maple Drive,2,3,YES,0,3,NO,51075,8192,4603,38280,Toyota,Tahoe,2013,N,0,
165,49,552012,01/24/98,NC,500/1000,2000,1055.08,5000000,498058,FEMALE,PhD,sales,bungie-jumping,own-child,26466,-36281,09/28/14,Single Vehicle Collision,Front Collision,Total Loss,Other,IN,Hillsdale,2228 4th St,18,2,NO,0,3,NO,106315,6334,14415,85566,Toyota,A3,2015,Y,1,
95,27,627132,09/15/14,OH,250/500,500,1452.9,5000000,602437,FEMALE,Associate,exec-managerial,camping,husband,78767,-57233,09/14/15,Multi-vehicle Collision,Side Collision,Total Loss,Police,WV,Columbus,4339 5th Ridge,13,1,NO,0,1,NO,45409,8621,11088,25700,Nissan,92x,1996,N,0,
79,29,220943,01/09/11,NC,100/300,1000,1286.48,4000000,406732,FEMALE,Associate,armed-forces,bungie-jumping,own-child,65588,-35884,03/18/15,Single Vehicle Collision,Rear Collision,Minor Damage,Police,VA,Arlington,8482 3rd Hwy,6,1,NO,1,3,YES,76038,7226,13980,54832,Audi,Civic,2000,N,0,
95,30,199307,08/05/03,NC,250/500,1000,1520.37,5000000,447049,MALE,High School,exec-managerial,sleeping,unmarried,39079,-43098,09/23/14,Multi-vehicle Collision,?,Minor Damage,,IL,Springfield,2133 1st Ave,1,3,?,1,2,YES,34634,3927,5869,24838,Accura,Camry,2000,N,0,Mobile app crashes frequently. Very frustrating.
364,70,266611,09/23/14,IL,100/300,1000,1045.73,4000000,478888,FEMALE,Associate,sales,reading,unmarried,10208,-75510,05/11/14,Single Vehicle Collision,Front Collision,Major Damage,Police,WV,Springfield,1354 1st Ave,8,3,NO,2,3,YES,68037,11012,15570,41455,Audi,Camry,2010,N,0,Poor coordination between departments.
252,72,625711,09/12/92,NC,500/1000,2000,1317.87,6000000,642345,FEMALE,Associate,protective-serv,bungie-jumping,own-child,60744,-3995,07/14/15,Single Vehicle Collision,Front Collision,Minor Damage,Fire,VA,Arlington,9221 2nd Drive,0,2,NO,1,0,YES,80841,8524,13580,58737,Saab,RAM,2013,N,0,
133,41,480085,12/20/91,OH,500/1000,500,1044.38,0,619811,MALE,High School,exec-managerial,reading,own-child,24883,-71506,03/29/15,Multi-vehicle Collision,?,Major Damage,Other,IN,Northbend,3991 1st Ave,15,3,NO,2,0,YES,95634,13462,9057,73115,Ford,Highlander,2013,Y,1,
328,69,933864,11/10/08,IL,250/500,2000,1257.07,0,498127,FEMALE,Masters,armed-forces,skydiving,own-child,8997,-17169,07/04/15,Multi-vehicle Collision,?,Major Damage,Other,SC,Riverwood,9381 1st Ave,2,1,NO,1,0,YES,101195,8254,13015,79926,Accura,Civic,2002,N,0,
240,41,492861,05/15/10,IL,100/300,1000,867.27,0,527801,FEMALE,High School,machine-op-inspct,reading,unmarried,34424,-55624,09/15/15,Multi-vehicle Collision,Side Collision,Minor Damage,Police,NY,Arlington,8281 4th St,3,2,NO,2,0,YES,14861,2239,2585,10037,Dodge,RAM,2003,N,0,
4,27,846225,10/10/91,WV,100/300,500,890.96,6000000,677780,MALE,High School,tech-support,reading,other-relative,44757,-66384,04/14/14,Single Vehicle Collision,Side Collision,Major Damage,Police,SC,Arlington,1153 Elm Lane,10,1,YES,1,3,YES,28556,5285,1901,21370,Saab,RAM,1997,N,0,
449,38,791700,12/22/01,NC,100/300,2000,1158.3,5000000,447006,MALE,PhD,exec-managerial,sleeping,unmarried,70358,-57376,10/05/14,Multi-vehicle Collision,Rear Collision,Major Damage,Police,IN,Riverwood,9046 Maple Drive,7,1,YES,1,0,?,24990,2172,5840,16978,Saab,RSX,2011,N,0,
188,43,926501,08/30/90,WV,500/1000,2000,820.78,3000000,622250,FEMALE,MD,armed-forces,board-games,husband,12984,-78176,01/27/14,Single Vehicle Collision,Front Collision,Minor Damage,Other,VA,Riverwood,1683 Maple Drive,1,3,YES,0,0,NO,50412,10264,4988,35160,Dodge,Highlander,2013,N,0,Claim verification intrusive and time-consuming.
4,27,770155,11/30/01,VA,500/1000,2000,984.41,4000000,690957,FEMALE,PhD,protective-serv,sleeping,wife,46718,-26396,06/04/14,Multi-vehicle Collision,Rear Collision,Major Damage,Police,NC,Hillsdale,1709 4th St,15,3,?,0,0,YES,107394,20721,16044,70629,Toyota,A5,2009,Y,1,
91,59,724487,01/11/08,VA,100/300,2000,1972.73,6000000,402770,FEMALE,High School,priv-house-serv,reading,husband,44528,-76920,05/07/14,Single Vehicle Collision,Front Collision,Major Damage,Police,NC,Columbus,2062 4th St,1,1,YES,0,1,?,86555,11492,18621,56442,Nissan,95,2015,Y,1,
428,45,172638,04/08/03,SC,250/500,1000,1750.26,3000000,692622,MALE,Associate,priv-house-serv,camping,unmarried,42458,-59749,02/04/14,Multi-vehicle Collision,Side Collision,Major Damage,Police,OH,Hillsdale,4308 2nd Drive,4,3,YES,0,0,NO,92206,13457,10812,67937,Nissan,F150,2005,Y,1,
321,64,375516,12/04/98,SC,250/500,1000,1743,6000000,440967,MALE,MD,sales,skydiving,wife,36596,-66160,06/08/14,Multi-vehicle Collision,Rear Collision,Minor Damage,Police,VA,Riverwood,6334 Elm Lane,17,1,YES,2,1,YES,109737,7716,6413,95608,Ford,RSX,2014,Y,1,Claim rejected vague reasons.
370,52,430728,09/16/09,WV,500/1000,500,879.41,4000000,460870,MALE,High School,machine-op-inspct,reading,husband,13335,-1710,04/23/14,Multi-vehicle Collision,Front Collision,Minor Damage,,NC,Northbend,4658 Maple Drive,6,1,NO,2,2,NO,50921,8022,3241,39658,Honda,E400,1998,N,0,Policy exclusions hidden discovered during claim.
166,55,482338,01/03/03,IN,100/300,1000,1909.88,0,633860,MALE,High School,tech-support,reading,wife,32860,-78772,03/03/14,Vehicle Theft,?,Minor Damage,,SC,Arlington,7888 5th Ridge,12,3,NO,0,2,YES,28464,2010,4896,21558,Dodge,E400,2007,N,0,
322,46,135316,10/29/13,VA,100/300,2000,1725.7,0,690900,MALE,PhD,sales,dancing,other-relative,75952,-8395,08/04/15,Single Vehicle Collision,?,Major Damage,Police,IN,Riverwood,2713 Elm Lane,7,3,NO,1,0,?,53060,13066,6695,33299,Accura,A3,2010,N,0,
154,54,175707,09/27/91,NC,250/500,500,1041.09,6000000,587581,FEMALE,PhD,machine-op-inspct,board-games,wife,13590,-33366,01/14/15,Multi-vehicle Collision,Rear Collision,Major Damage,,NY,Springfield,6607 Maple Drive,0,1,YES,2,1,YES,73508,10806,15276,47426,Audi,A3,2005,N,0,
204,41,304822,05/05/93,SC,100/300,1000,1136.55,3000000,490850,FEMALE,High School,tech-support,reading,wife,50451,-33875,07/22/14,Single Vehicle Collision,Side Collision,Major Damage,Police,IN,Arlington,1976 4th St,23,3,NO,0,2,?,90655,18956,5026,66673,Nissan,92x,2002,Y,1,
84,39,832167,08/08/01,IN,100/300,500,1506.78,6000000,449167,MALE,Associate,exec-managerial,skydiving,husband,74546,-78640,10/26/14,Multi-vehicle Collision,Rear Collision,Major Damage,Police,IL,Northbend,7062 3rd Hwy,6,3,NO,0,0,NO,117879,11315,6907,99657,Honda,A5,2004,Y,1,
312,32,960379,09/21/96,NC,500/1000,1000,1236.06,4000000,609483,MALE,MD,exec-managerial,skydiving,husband,9445,-58745,03/08/14,Multi-vehicle Collision,Side Collision,Major Damage,,VA,Riverwood,1465 Maple Drive,22,2,?,0,0,?,42719,6079,2860,33780,Honda,Highlander,2000,N,0,
302,70,955719,09/16/92,VA,500/1000,500,955.01,4000000,543748,FEMALE,MD,machine-op-inspct,sleeping,husband,48429,-43241,01/09/14,Vehicle Theft,Rear Collision,Major Damage,Other,VA,Hillsdale,7798 Elm Lane,22,1,NO,2,1,YES,3253,650,737,1866,Saab,Pathfinder,2015,N,0,
474,71,340619,02/12/08,OH,100/300,1000,1551.42,0,695392,MALE,Masters,tech-support,dancing,husband,51781,-773,07/17/15,Vehicle Theft,Front Collision,Major Damage,Police,VA,Columbus,4808 4th St,15,2,YES,1,1,YES,72214,3673,12735,55806,Ford,Civic,2011,Y,1,
336,69,521280,02/10/98,IL,500/1000,1000,960.79,4000000,410093,FEMALE,Masters,machine-op-inspct,sleeping,own-child,28832,-53104,05/03/14,Single Vehicle Collision,Side Collision,Major Damage,Police,VA,Arlington,9583 5th Ridge,6,2,NO,0,3,YES,24442,4924,2706,16812,Chevrolet,E400,2008,N,0,
48,71,198414,02/25/90,IN,250/500,2000,1197.86,0,644728,FEMALE,Masters,priv-house-serv,dancing,wife,13019,-65607,07/21/15,Multi-vehicle Collision,?,Minor Damage,Police,WV,Arlington,5812 Elm Lane,6,1,NO,1,3,YES,119828,24107,14727,80994,Dodge,95,2010,N,0,
134,34,382676,05/01/12,NC,100/300,1000,1893.61,5000000,430698,FEMALE,MD,protective-serv,board-games,wife,71136,-24158,06/02/15,Vehicle Theft,Front Collision,Minor Damage,Fire,VA,Springfield,1982 3rd Hwy,13,1,YES,0,2,YES,116983,10696,6470,99817,Dodge,E400,2004,Y,1,
34,52,716440,01/01/08,SC,100/300,500,1905.53,6000000,449007,FEMALE,PhD,tech-support,bungie-jumping,unmarried,36769,-34097,10/18/14,Multi-vehicle Collision,Front Collision,Minor Damage,,OH,Northbend,3889 4th St,17,1,YES,0,0,NO,73933,5812,5457,62664,Ford,Camry,2004,N,0,
141,77,585159,02/20/10,IL,100/300,2000,846.41,3000000,513330,FEMALE,Associate,exec-managerial,camping,husband,62328,-66852,02/09/15,Single Vehicle Collision,Front Collision,Major Damage,Police,VA,Hillsdale,9621 2nd Drive,18,2,YES,2,1,YES,25235,5387,5441,14407,Dodge,RSX,1999,N,0,
170,62,186139,12/13/01,IL,250/500,2000,1445.83,0,687949,MALE,High School,protective-serv,golf,other-relative,56755,-76590,08/23/14,Single Vehicle Collision,Front Collision,Minor Damage,Police,NY,Northbend,4346 4th St,18,2,NO,1,2,YES,48612,9878,9032,29702,Dodge,Camry,2015,N,0,
470,27,192590,05/13/92,IL,250/500,1000,1170.3,3000000,447942,FEMALE,Masters,priv-house-serv,sleeping,husband,75284,-24034,07/03/14,Multi-vehicle Collision,?,Minor Damage,Fire,IL,Riverwood,6228 4th St,21,1,?,0,2,YES,66787,12326,10807,43654,Dodge,E400,2008,N,0,
52,74,923992,09/18/01,VA,100/300,2000,858.86,6000000,623600,MALE,MD,armed-forces,board-games,unmarried,3756,-64058,01/19/14,Multi-vehicle Collision,Front Collision,Total Loss,Police,IL,Riverwood,8868 Elm Lane,8,2,YES,1,2,NO,101672,23245,20533,57894,Honda,Camry,2001,Y,1,
257,53,302854,11/22/96,IN,100/300,500,1470.59,0,674264,FEMALE,High School,sales,sleeping,own-child,11325,-57478,12/27/15,Multi-vehicle Collision,Front Collision,Minor Damage,Police,WV,Hillsdale,2905 Maple Drive,17,2,NO,2,3,YES,92769,10694,15029,67046,Saab,RAM,2012,N,0,
458,27,664023,03/31/09,WV,500/1000,1000,1441.34,4000000,436961,FEMALE,Masters,machine-op-inspct,camping,unmarried,56182,-1107,12/15/14,Single Vehicle Collision,?,Minor Damage,,SC,Springfield,9807 5th Ridge,13,1,?,0,3,YES,9540,1873,2351,5316,Chevrolet,E400,2004,N,0,Smooth experience. Coverage perfect.
155,28,683960,04/27/08,IL,100/300,2000,829.72,3000000,457783,FEMALE,Associate,exec-managerial,reading,own-child,31281,-22430,01/28/14,Single Vehicle Collision,Front Collision,Minor Damage,Police,IL,Northbend,2145 5th Ridge,20,3,NO,2,0,NO,3624,652,246,2726,Dodge,A3,2011,N,0,
393,25,722632,05/31/99,SC,250/500,500,1662.55,5000000,416965,MALE,High School,machine-op-inspct,camping,husband,64711,-78466,02/04/14,Vehicle Theft,Rear Collision,Minor Damage,Other,OH,Arlington,9177 2nd Drive,9,1,YES,2,2,YES,28795,1606,4840,22349,Toyota,Civic,2011,N,0,
166,32,591793,10/14/99,NY,100/300,2000,1317.82,0,619715,MALE,MD,tech-support,dancing,own-child,57134,-49260,10/09/15,Multi-vehicle Collision,Side Collision,Major Damage,,IN,Springfield,4091 Maple Drive,12,1,NO,2,2,NO,35001,4062,5881,25058,Mercedes,Tahoe,1997,N,0,
80,30,597662,07/26/93,OH,100/300,1000,1998.06,0,683514,MALE,PhD,protective-serv,bungie-jumping,own-child,58773,-65239,12/25/15,Single Vehicle Collision,?,Major Damage,Police,NC,Northbend,8439 Maple Drive,5,1,?,0,3,YES,31211,6048,1989,23174,Ford,E400,1997,N,0,Claim amount reduced without justification.
292,79,348654,03/30/00,IL,500/1000,1000,1036.53,3000000,639019,MALE,High School,exec-managerial,dancing,wife,23256,-12564,11/08/14,Single Vehicle Collision,Rear Collision,Minor Damage,Police,WV,Riverwood,1080 5th Ridge,12,1,YES,0,0,NO,41490,9066,2629,29795,Chevrolet,95,1997,N,0,
187,54,424873,12/12/06,VA,100/300,1000,1418.48,4000000,638514,MALE,MD,tech-support,skydiving,own-child,75010,-38551,07/26/14,Multi-vehicle Collision,Front Collision,Major Damage,Police,VA,Riverwood,4307 1st Ave,6,3,NO,1,2,YES,30713,3385,5517,21811,Chevrolet,92x,1999,N,0,
1,61,938402,05/29/94,IL,100/300,500,1773.32,4000000,556471,MALE,High School,protective-serv,camping,unmarried,61561,-55331,07/31/15,Single Vehicle Collision,Front Collision,Total Loss,Other,IL,Arlington,4760 2nd Drive,1,1,NO,1,2,NO,2144,242,524,1378,Ford,RSX,2010,N,0,
208,22,127336,05/10/10,IN,250/500,2000,1201.71,6000000,517811,FEMALE,PhD,tech-support,reading,wife,78441,-36993,09/28/15,Single Vehicle Collision,Rear Collision,Major Damage,,NC,Riverwood,2411 5th Ridge,14,1,YES,2,0,YES,112578,13951,21829,76798,Accura,Pathfinder,2002,Y,1,
199,61,232447,05/26/07,VA,100/300,2000,979.38,4000000,673987,FEMALE,Associate,sales,sleeping,wife,30739,-33363,04/23/14,Multi-vehicle Collision,Side Collision,Major Damage,Police,OH,Springfield,3751 4th St,16,3,NO,2,3,NO,6664,1220,1284,4160,Ford,92x,2012,N,0,
477,63,357831,10/04/14,WV,250/500,1000,1628.88,4000000,432516,FEMALE,MD,machine-op-inspct,skydiving,own-child,48474,-36353,07/27/15,Vehicle Theft,Rear Collision,Total Loss,Police,SC,Arlington,4837 5th Ridge,8,2,NO,2,3,NO,15400,2390,3052,9958,Accura,95,2000,N,0,
429,18,723446,08/25/98,IN,250/500,1000,1853.09,3000000,630992,FEMALE,High School,machine-op-inspct,reading,wife,35978,-55236,03/04/14,Multi-vehicle Collision,Rear Collision,Minor Damage,Police,IN,Springfield,9647 5th Ridge,21,1,YES,1,0,YES,22927,5249,3162,14516,Mercedes,92x,2003,N,0,
165,21,153910,07/15/97,VA,250/500,2000,1611.44,3000000,564216,FEMALE,Associate,armed-forces,camping,unmarried,8342,-39518,09/11/14,Multi-vehicle Collision,?,Major Damage,Police,SC,Northbend,6302 4th St,4,2,NO,1,3,YES,27499,1625,1997,23877,Mercedes,95,1995,N,0,
370,49,504331,03/28/08,SC,100/300,1000,1770.01,6000000,667033,FEMALE,Masters,exec-managerial,golf,wife,71147,-67109,04/01/14,Single Vehicle Collision,Rear Collision,Minor Damage,,WV,Springfield,5474 Elm Lane,7,2,?,2,0,?,73678,7573,12734,53371,Mercedes,A3,2010,N,0,
240,19,794096,11/26/07,NY,250/500,2000,1403.57,0,557686,MALE,High School,exec-managerial,board-games,other-relative,61410,-71378,09/13/15,Single Vehicle Collision,Side Collision,Major Damage,Other,NY,Arlington,3642 2nd Drive,19,1,?,2,2,YES,105216,5650,25257,74309,Saab,92x,1999,N,0,Better options available in market.
454,40,219779,02/13/00,NC,100/300,2000,1404.91,0,583966,FEMALE,Associate,sales,sleeping,wife,56134,-639,12/09/14,Multi-vehicle Collision,Front Collision,Major Damage,,SC,Springfield,1800 1st Ave,17,1,?,2,0,?,80129,16998,14396,48735,Accura,F150,2004,N,0,
264,77,487079,01/07/10,VA,250/500,500,1332.88,5000000,575049,MALE,High School,tech-support,sleeping,unmarried,20115,-26933,01/21/15,Multi-vehicle Collision,Front Collision,Minor Damage,,IN,Hillsdale,1218 2nd Drive,13,2,YES,0,3,YES,9745,1220,2001,6524,Mercedes,A3,2010,N,0,
43,76,526888,12/31/08,OH,100/300,2000,1916.2,0,483212,FEMALE,MD,protective-serv,dancing,wife,47042,-4520,06/21/15,Multi-vehicle Collision,Rear Collision,Total Loss,Police,WV,Arlington,2122 3rd Hwy,12,3,?,2,0,NO,13805,1901,2425,9479,Dodge,95,2011,N,0,
391,39,707478,12/01/01,NC,100/300,1000,931.91,0,478853,FEMALE,PhD,sales,reading,unmarried,24558,-48379,10/15/15,Vehicle Theft,Rear Collision,Minor Damage,,OH,Springfield,3697 3rd Hwy,13,1,NO,0,2,NO,100820,23437,19635,57748,Chevrolet,RSX,2015,N,0,
335,79,307483,05/31/12,NY,100/300,2000,965.38,0,432497,FEMALE,PhD,tech-support,skydiving,other-relative,4376,-24721,04/20/14,Multi-vehicle Collision,Front Collision,Minor Damage,Police,WV,Northbend,1292 5th Ridge,12,1,?,0,1,YES,87721,16565,12347,58809,Chevrolet,A5,2009,N,0,
434,52,851572,05/29/14,IN,250/500,2000,1293.06,0,566964,MALE,Masters,armed-forces,camping,other-relative,54042,-62290,08/04/15,Multi-vehicle Collision,Side Collision,Minor Damage,Police,OH,Columbus,4303 4th St,20,2,NO,2,2,?,26930,6542,2225,18163,Chevrolet,A5,2010,N,0,
359,50,887418,05/08/07,NY,250/500,1000,1271.52,0,671711,MALE,High School,priv-house-serv,reading,husband,11411,-34551,01/07/15,Multi-vehicle Collision,?,Minor Damage,Police,OH,Northbend,4375 4th St,20,1,YES,1,1,YES,43579,10267,10795,22517,Saab,RAM,2014,N,0,
335,47,366088,11/04/09,SC,250/500,2000,1993.93,5000000,589555,FEMALE,Masters,tech-support,golf,other-relative,55355,-62116,06/09/14,Multi-vehicle Collision,Rear Collision,Major Damage,Other,IN,Hillsdale,9436 3rd Hwy,22,3,YES,2,0,YES,46146,6260,7160,32726,Audi,RSX,1998,N,0,
181,66,634538,09/21/11,IN,250/500,1000,1371.45,0,649302,FEMALE,High School,protective-serv,reading,other-relative,67693,-34497,06/07/14,Vehicle Theft,Front Collision,Major Damage,Police,IL,Columbus,5840 2nd Drive,11,2,NO,0,1,NO,60653,3359,6889,50405,Audi,A5,2009,N,0,
182,58,887154,07/23/93,SC,100/300,500,1608.87,4000000,485465,MALE,Masters,sales,sleeping,own-child,70171,-10138,11/04/15,Multi-vehicle Collision,Front Collision,Minor Damage,Police,WV,Springfield,3206 1st Ave,14,3,YES,2,3,YES,50248,6619,4960,38669,Ford,F150,1998,N,0,
191,54,521379,09/15/01,WV,500/1000,500,1810.74,4000000,411929,FEMALE,High School,priv-house-serv,sleeping,wife,74779,-21208,11/08/15,Multi-vehicle Collision,Front Collision,Minor Damage,Police,WV,Riverwood,9553 2nd Drive,22,2,?,2,3,YES,13305,2222,986,10097,Honda,E400,2013,N,0,
115,76,212464,06/21/04,IL,500/1000,2000,846.54,5000000,567998,MALE,Masters,protective-serv,golf,own-child,69746,-56554,09/08/14,Single Vehicle Collision,Front Collision,Major Damage,Police,WV,Springfield,7301 3rd Hwy,5,2,YES,2,3,YES,2537,301,260,1976,Audi,E400,2004,N,0,
353,36,608065,04/21/95,IL,250/500,2000,1385.79,0,680380,FEMALE,Masters,protective-serv,dancing,unmarried,61609,-27128,06/15/15,Single Vehicle Collision,?,Minor Damage,Other,WV,Arlington,9782 1st Ave,16,1,NO,1,1,YES,32519,7105,1946,23468,Nissan,Highlander,2000,N,0,
199,52,574234,01/30/02,OH,100/300,1000,1596.72,4000000,556696,FEMALE,Masters,sales,camping,other-relative,36974,-33405,06/02/15,Single Vehicle Collision,Front Collision,Minor Damage,Police,SC,Riverwood,8299 1st Ave,12,3,NO,1,0,YES,51040,9875,9838,31327,Ford,E400,1997,N,0,
481,23,935690,09/10/97,VA,100/300,2000,965.24,3000000,460991,MALE,High School,protective-serv,camping,unmarried,17881,-60847,09/13/15,Single Vehicle Collision,Front Collision,Major Damage,Police,IN,Riverwood,3061 1st Ave,7,2,?,0,2,YES,55104,3906,12690,38508,Saab,F150,2013,N,0,
288,38,799655,05/02/96,IL,100/300,500,1505.26,0,658449,MALE,Associate,protective-serv,skydiving,husband,20158,-76479,07/21/14,Parked Car,Front Collision,Minor Damage,Police,IL,Northbend,8164 3rd Hwy,1,3,?,0,3,YES,31141,6139,3559,21443,Ford,Civic,2008,N,0,
150,61,215210,03/21/97,OH,250/500,2000,1936.11,0,674807,FEMALE,PhD,priv-house-serv,golf,unmarried,24020,-79101,10/28/14,Multi-vehicle Collision,Rear Collision,Major Damage,Police,NC,Riverwood,2629 3rd Hwy,12,2,YES,2,1,YES,35895,7713,3036,25146,Honda,Tahoe,2010,N,0,
383,20,765857,07/05/93,VA,100/300,1000,1479.26,6000000,446826,MALE,Masters,machine-op-inspct,skydiving,own-child,14727,-55374,09/15/14,Single Vehicle Collision,Side Collision,Minor Damage,Ambulance,IN,Hillsdale,9678 5th Ridge,12,1,NO,0,2,NO,52896,3158,4956,44782,Nissan,Tahoe,2009,N,0,
229,50,773853,01/17/10,VA,250/500,1000,1597.45,0,433136,FEMALE,PhD,protective-serv,golf,unmarried,3727,-31333,02/04/14,Multi-vehicle Collision,Front Collision,Total Loss,Police,IL,Columbus,1466 1st Ave,3,2,NO,0,0,NO,57488,9118,8216,40154,Chevrolet,Tahoe,1997,N,0,
479,57,694732,01/25/04,SC,250/500,500,1398.35,3000000,652200,FEMALE,High School,tech-support,camping,unmarried,65092,-13238,01/13/14,Vehicle Theft,Front Collision,Major Damage,,NC,Arlington,2308 5th Ridge,22,3,NO,1,2,NO,55391,9454,4049,41888,Ford,RSX,1996,N,0,
400,23,630935,04/03/13,IL,250/500,2000,964.29,0,494062,MALE,Masters,sales,dancing,own-child,71680,-78492,03/10/14,Single Vehicle Collision,Front Collision,Total Loss,Other,WV,Northbend,6802 Elm Lane,9,1,NO,0,3,YES,86367,10015,16685,59667,Mercedes,Civic,2004,N,0,
436,44,608616,11/02/13,NC,100/300,1000,1022.27,5000000,421699,FEMALE,Associate,machine-op-inspct,board-games,unmarried,17544,-10606,01/25/15,Multi-vehicle Collision,Rear Collision,Minor Damage,Police,OH,Arlington,5495 2nd Drive,5,3,YES,0,2,YES,32045,2192,6449,23404,Nissan,A5,2011,N,0,
484,21,538565,01/01/91,IL,250/500,1000,881.15,4000000,570051,FEMALE,PhD,armed-forces,board-games,wife,4929,-75963,04/16/14,Vehicle Theft,Front Collision,Major Damage,Fire,NY,Springfield,9288 3rd Hwy,9,2,NO,0,2,YES,25140,2786,5227,17127,Toyota,95,2012,N,0,
394,77,298313,11/06/09,NY,250/500,1000,1867.59,6000000,467693,MALE,MD,machine-op-inspct,board-games,own-child,43701,-13872,07/11/14,Single Vehicle Collision,Rear Collision,Minor Damage,Police,SC,Hillsdale,2857 1st Ave,1,1,YES,1,2,?,17214,1042,3192,12980,Saab,F150,2003,N,0,
471,76,810630,08/11/92,NY,250/500,1000,1137.42,4000000,644461,MALE,Masters,priv-house-serv,golf,unmarried,14828,-54691,02/19/14,Single Vehicle Collision,Side Collision,Total Loss,Other,IN,Arlington,3342 5th Ridge,23,2,YES,1,3,YES,46914,5716,4706,36492,Accura,Camry,1995,N,0,
450,54,314610,12/13/93,WV,500/1000,1000,911.31,0,481553,MALE,Associate,tech-support,golf,husband,6522,-39587,03/10/14,Multi-vehicle Collision,Side Collision,Total Loss,,OH,Riverwood,7960 1st Ave,4,2,YES,2,3,NO,43116,9856,8255,25005,Mercedes,F150,2002,N,0,
76,24,638576,08/27/91,IL,250/500,1000,903.5,6000000,513574,FEMALE,Associate,protective-serv,board-games,unmarried,26115,-41937,12/16/14,Parked Car,Front Collision,Major Damage,Ambulance,VA,Columbus,7700 2nd Drive,9,2,YES,1,1,YES,56617,12008,5927,38682,Ford,92x,1998,N,0,
348,57,108384,01/05/12,VA,250/500,2000,876.84,4000000,610282,FEMALE,PhD,machine-op-inspct,sleeping,unmarried,6607,-11355,01/21/14,Vehicle Theft,Rear Collision,Major Damage,Police,NC,Riverwood,7309 Maple Drive,7,2,NO,0,1,NO,115296,20246,8519,86531,Ford,Tahoe,2001,Y,1,
278,66,424974,10/12/03,NC,500/1000,2000,1436.35,0,542624,MALE,PhD,sales,reading,unmarried,69706,-42212,12/07/14,Multi-vehicle Collision,Front Collision,Total Loss,Police,VA,Northbend,9425 3rd Hwy,16,3,YES,0,2,YES,10587,1555,2589,6443,Saab,95,2002,N,0,
472,57,503430,10/08/95,NC,250/500,1000,828.33,5000000,518395,MALE,Associate,sales,dancing,unmarried,6848,-8167,07/23/14,Single Vehicle Collision,Side Collision,Minor Damage,Other,IN,Springfield,1973 1st Ave,9,3,YES,1,0,NO,69622,14336,4985,50301,Accura,Camry,2005,N,0,
378,66,650175,11/26/08,IL,250/500,500,1286.35,0,571184,FEMALE,PhD,exec-managerial,golf,wife,34431,-37554,11/04/14,Single Vehicle Collision,Front Collision,Minor Damage,Police,IN,Hillsdale,3134 4th St,22,1,YES,2,3,YES,38628,5509,5837,27282,Accura,92x,1996,N,0,
257,51,338817,03/28/11,IN,100/300,2000,1525.64,6000000,422201,FEMALE,High School,exec-managerial,dancing,other-relative,56193,-14256,05/11/15,Multi-vehicle Collision,?,Minor Damage,Ambulance,NC,Columbus,2409 3rd Hwy,15,2,NO,2,1,YES,61386,3395,12528,45463,Dodge,F150,2007,N,0,
318,73,650215,04/27/96,SC,250/500,500,1063.57,5000000,562512,MALE,High School,sales,golf,wife,12767,-77656,02/19/15,Single Vehicle Collision,Front Collision,Total Loss,,NY,Northbend,5400 4th St,2,3,NO,2,2,YES,23681,3883,3395,16403,Mercedes,A3,2000,N,0,
46,42,316733,01/17/14,OH,500/1000,2000,1510.36,4000000,533135,FEMALE,PhD,protective-serv,camping,unmarried,77400,-31007,08/24/15,Vehicle Theft,Rear Collision,Major Damage,,IN,Columbus,3588 5th Ridge,9,3,?,0,2,YES,22163,4339,2519,15305,Honda,Camry,2005,N,0,Customer care promised callbacks never happened.
177,79,764934,10/22/13,IN,250/500,1000,1747.21,5000000,482876,MALE,PhD,exec-managerial,sleeping,unmarried,72912,-2775,03/15/14,Multi-vehicle Collision,Side Collision,Minor Damage,Ambulance,IL,Columbus,4485 Elm Lane,20,2,?,2,3,YES,87404,9839,12389,65176,Nissan,RSX,1995,N,0,Not worth money paid in premiums.
365,46,674676,11/06/01,IN,100/300,2000,1262.14,5000000,618840,MALE,Associate,armed-forces,board-games,wife,17673,-73758,02/28/15,Single Vehicle Collision,Rear Collision,Minor Damage,Police,NY,Arlington,5002 1st Ave,5,2,YES,0,0,YES,40176,2434,6813,30929,Dodge,A5,2001,N,0,
215,78,829330,09/04/94,IL,250/500,1000,1373.08,0,586265,FEMALE,PhD,protective-serv,skydiving,wife,60496,-41867,11/01/15,Single Vehicle Collision,Side Collision,Major Damage,Police,IL,Springfield,1917 2nd Drive,9,1,NO,2,1,YES,11876,2556,2372,6948,Accura,A3,2001,N,0,Surveyor unprofessional and biased during claim assessment.
474,60,241172,04/23/08,IL,250/500,500,1106.83,3000000,407506,FEMALE,High School,exec-managerial,sleeping,unmarried,18567,-60914,06/06/14,Single Vehicle Collision,Side Collision,Major Damage,Fire,WV,Hillsdale,8986 4th St,20,3,NO,0,3,NO,67619,14911,5397,47311,Accura,Civic,2014,N,0,
328,42,540598,10/15/08,OH,250/500,2000,1637.91,5000000,559818,FEMALE,Masters,sales,golf,unmarried,24547,-38927,06/28/15,Multi-vehicle Collision,Front Collision,Minor Damage,,WV,Riverwood,1038 4th St,8,3,NO,0,3,NO,4026,331,648,3047,Toyota,95,2013,N,0,
16,32,312854,06/07/02,OH,100/300,2000,1479.76,5000000,596876,MALE,High School,protective-serv,dancing,husband,76574,-18865,01/02/14,Vehicle Theft,?,Major Damage,Ambulance,NY,Hillsdale,4182 1st Ave,1,1,YES,0,0,?,31866,2496,4171,25199,Accura,95,1995,N,0,
80,73,897227,03/06/09,IL,500/1000,500,1102.37,5000000,417713,MALE,PhD,sales,golf,husband,13799,-30479,05/18/15,Multi-vehicle Collision,Rear Collision,Major Damage,Police,WV,Springfield,1245 Maple Drive,13,2,YES,1,1,NO,45210,10773,7902,26535,Mercedes,Pathfinder,2014,N,0,
311,29,771835,01/22/01,NC,250/500,2000,1669.02,4000000,633776,FEMALE,Associate,armed-forces,reading,wife,35671,-65783,02/21/15,Vehicle Theft,Side Collision,Minor Damage,,OH,Columbus,4473 5th Ridge,19,3,YES,0,1,NO,59768,4672,3522,51574,Toyota,F150,2006,Y,1,
397,76,880714,11/05/12,IN,100/300,2000,985.83,6000000,483972,FEMALE,PhD,sales,bungie-jumping,husband,24930,-57760,02/08/14,Multi-vehicle Collision,Side Collision,Minor Damage,Police,SC,Springfield,4681 1st Ave,18,2,?,2,0,YES,45574,8369,6169,31036,Nissan,RAM,2005,N,0,
153,73,457325,05/09/02,IN,100/300,500,1365.24,5000000,675643,FEMALE,High School,tech-support,golf,own-child,41631,-71655,10/31/14,Multi-vehicle Collision,Front Collision,Minor Damage,Police,WV,Hillsdale,4625 Maple Drive,23,1,YES,1,0,NO,21469,4608,4421,12440,Honda,RAM,2005,N,0,
197,57,151193,11/22/91,VA,250/500,500,1419.92,0,581345,MALE,Associate,exec-managerial,dancing,unmarried,73812,-63006,09/23/15,Single Vehicle Collision,Front Collision,Total Loss,Police,VA,Riverwood,8273 5th Ridge,17,3,YES,2,2,YES,76091,11553,18331,46207,Audi,Highlander,1998,Y,1,
202,60,791016,10/02/98,WV,100/300,2000,1442.6,5000000,601810,FEMALE,High School,machine-op-inspct,golf,husband,46216,-52107,11/25/14,Single Vehicle Collision,Front Collision,Minor Damage,Police,NC,Columbus,6885 Maple Drive,2,3,NO,2,3,YES,39933,3703,6568,29662,Dodge,RSX,1995,N,0,
124,53,745052,04/29/10,VA,100/300,1000,978.44,6000000,598729,FEMALE,High School,armed-forces,bungie-jumping,other-relative,42811,-73346,10/14/14,Single Vehicle Collision,Front Collision,Minor Damage,Fire,NC,Hillsdale,6026 4th St,12,1,YES,1,0,YES,21678,4179,1392,16107,Nissan,E400,1997,N,0,
459,72,262448,07/14/99,SC,100/300,500,1206.65,4000000,525486,FEMALE,Associate,sales,camping,other-relative,71814,-58041,09/09/15,Single Vehicle Collision,Side Collision,Minor Damage,Fire,IL,Arlington,7563 1st Ave,21,2,NO,1,2,YES,95070,9198,15592,70280,Accura,Tahoe,2005,N,0,
250,27,271349,08/11/07,NC,250/500,1000,1895.91,3000000,431540,FEMALE,Associate,machine-op-inspct,dancing,unmarried,76524,-2000,06/20/14,Parked Car,?,Minor Damage,Police,IL,Riverwood,7280 Maple Drive,8,1,YES,1,1,YES,13331,1414,2635,9282,Audi,95,2002,N,0,
167,40,444319,11/25/94,WV,250/500,1000,1111.15,0,427770,MALE,Masters,protective-serv,bungie-jumping,other-relative,20321,-19401,02/07/14,Single Vehicle Collision,?,Minor Damage,Fire,OH,Springfield,3675 Maple Drive,7,1,?,1,2,YES,38613,8841,3700,26072,Accura,F150,1997,N,0,
468,39,802142,02/19/97,SC,250/500,500,1241.05,0,602696,MALE,MD,exec-managerial,golf,unmarried,77878,-30610,04/14/14,Multi-vehicle Collision,?,Total Loss,,NC,Arlington,7691 4th St,22,1,YES,2,0,YES,7904,1304,463,6137,Mercedes,92x,1998,N,0,
313,53,659577,10/25/06,IL,100/300,2000,1233.68,0,415001,FEMALE,Masters,exec-managerial,board-games,other-relative,49762,-18096,04/26/14,Multi-vehicle Collision,Rear Collision,Total Loss,Police,NY,Arlington,6681 5th Ridge,10,1,?,1,0,YES,62544,11295,6106,45143,Audi,RSX,1996,N,0,
5,49,517089,07/21/12,OH,250/500,500,1180.6,6000000,688617,MALE,MD,armed-forces,reading,unmarried,5508,-31393,11/16/15,Multi-vehicle Collision,Rear Collision,Major Damage,Fire,WV,Columbus,2565 4th St,0,2,NO,1,3,?,103792,5860,5607,92325,Dodge,Highlander,2009,Y,1,
212,55,623817,05/12/15,VA,250/500,2000,940.76,4000000,520083,MALE,High School,priv-house-serv,reading,unmarried,15308,-31697,03/29/15,Vehicle Theft,?,Minor Damage,,IL,Arlington,9986 Elm Lane,1,3,NO,2,0,YES,88466,8855,11905,67706,Mercedes,Highlander,2012,Y,1,
338,36,348323,07/18/90,OH,100/300,500,1380.13,4000000,514796,MALE,High School,tech-support,bungie-jumping,own-child,52974,-3393,05/10/14,Single Vehicle Collision,Front Collision,Major Damage,,IN,Arlington,2018 3rd Hwy,5,3,NO,1,2,YES,50926,12424,4860,33642,Accura,Tahoe,1996,N,0,
463,73,366417,04/03/94,VA,250/500,500,831.29,6000000,558316,MALE,MD,protective-serv,sleeping,wife,10190,-5886,01/02/14,Parked Car,?,Major Damage,Police,NY,Springfield,5513 Elm Lane,11,3,NO,1,3,YES,104278,17547,21034,65697,Chevrolet,Camry,1997,Y,1,
259,37,987389,12/27/04,IN,250/500,1000,1538.29,0,524063,FEMALE,Associate,armed-forces,camping,wife,39078,-14494,07/16/15,Single Vehicle Collision,Front Collision,Minor Damage,Police,SC,Northbend,8258 2nd Drive,0,3,NO,0,0,NO,62951,13382,4747,44822,Ford,Highlander,2013,N,0,
184,72,993171,02/28/00,SC,500/1000,2000,1165.89,5000000,479562,FEMALE,Masters,armed-forces,board-games,wife,1093,-49050,12/19/14,Single Vehicle Collision,Rear Collision,Major Damage,Police,NY,Arlington,4194 2nd Drive,20,3,YES,1,0,NO,58116,11200,5244,41672,Honda,Tahoe,1998,N,0,Claim settlement opaque and unfair.
163,23,972660,09/26/14,NY,500/1000,500,1926.7,5000000,500942,FEMALE,Associate,protective-serv,board-games,unmarried,33263,-21526,01/14/14,Single Vehicle Collision,Side Collision,Total Loss,Police,WV,Riverwood,8139 Elm Lane,3,3,?,1,0,YES,115980,19245,21216,75519,Mercedes,A3,2000,Y,1,
50,34,450808,05/10/97,VA,250/500,2000,1240.9,4000000,534106,FEMALE,MD,sales,camping,unmarried,64619,-33484,03/30/14,Multi-vehicle Collision,Front Collision,Total Loss,Other,IN,Northbend,6663 Elm Lane,3,1,?,1,1,?,65514,12692,3698,49124,Dodge,Tahoe,2006,N,0,
46,61,978323,01/28/04,IL,100/300,2000,1133.65,4000000,675415,MALE,Masters,priv-house-serv,dancing,wife,59255,-45062,06/13/14,Single Vehicle Collision,Side Collision,Major Damage,Police,NC,Riverwood,7976 Elm Lane,3,1,YES,2,2,?,41236,9125,3031,29080,Mercedes,E400,2010,N,0,
210,78,674777,02/05/10,SC,250/500,1000,1761.27,3000000,508609,FEMALE,Masters,protective-serv,golf,own-child,55976,-20113,06/16/15,Multi-vehicle Collision,Side Collision,Total Loss,Police,VA,Riverwood,1635 3rd Hwy,7,1,YES,1,3,YES,38601,5694,9520,23387,Chevrolet,RSX,1998,N,0,
392,33,217385,04/15/08,IL,250/500,2000,1052.8,4000000,532606,MALE,Associate,machine-op-inspct,sleeping,husband,20509,-174,05/02/15,Single Vehicle Collision,Side Collision,Minor Damage,,NC,Riverwood,7350 4th St,2,1,NO,2,0,YES,35764,7339,4466,23959,Accura,Tahoe,2003,N,0,Paid years but claim rejected.
203,41,250284,05/19/99,IN,250/500,1000,1955.74,6000000,679980,MALE,MD,sales,skydiving,unmarried,70715,-59035,04/10/14,Single Vehicle Collision,Front Collision,Minor Damage,Police,IL,Columbus,8764 3rd Hwy,2,2,YES,1,0,YES,64028,12234,10565,41229,Ford,Highlander,2001,N,0,
70,76,458111,04/18/10,IN,100/300,2000,835.8,4000000,496444,FEMALE,Masters,sales,camping,husband,9445,-33705,03/29/15,Parked Car,Front Collision,Minor Damage,,IL,Arlington,4578 5th Ridge,5,2,NO,2,2,YES,40091,8400,4194,27497,Dodge,F150,2003,N,0,
442,55,256073,02/11/90,WV,250/500,1000,1132.07,5000000,562809,FEMALE,Associate,armed-forces,golf,other-relative,62346,-34421,08/16/15,Single Vehicle Collision,Front Collision,Major Damage,,NY,Hillsdale,2495 1st Ave,3,1,YES,0,0,NO,4761,273,353,4135,Honda,Pathfinder,2011,N,0,
407,58,400780,03/26/92,SC,100/300,2000,1680.96,6000000,612098,MALE,MD,armed-forces,golf,unmarried,13003,-41915,10/23/15,Single Vehicle Collision,Rear Collision,Minor Damage,Police,OH,Riverwood,1482 1st Ave,9,1,YES,2,1,YES,100409,22066,16901,61442,Accura,RAM,2008,N,0,
166,79,112365,02/23/98,OH,500/1000,2000,807.81,6000000,583398,FEMALE,Masters,sales,reading,unmarried,65899,-56633,02/24/15,Vehicle Theft,?,Major Damage,Other,IN,Springfield,1208 2nd Drive,11,1,NO,0,2,?,8698,1372,1745,5581,Saab,A5,2010,N,0,
169,77,270765,02/23/11,SC,100/300,500,1323.05,0,401946,FEMALE,Associate,priv-house-serv,reading,other-relative,47805,-47861,10/26/14,Vehicle Theft,Side Collision,Major Damage,,OH,Riverwood,8391 Elm Lane,10,1,NO,2,1,YES,99693,8786,19220,71687,Honda,92x,2014,N,0,
147,43,313822,05/17/02,IL,250/500,1000,1921.63,0,467570,FEMALE,High School,protective-serv,bungie-jumping,other-relative,7852,-75627,10/17/15,Multi-vehicle Collision,Side Collision,Major Damage,Other,VA,Hillsdale,6232 5th Ridge,9,3,YES,2,1,NO,31179,3616,4075,23488,Chevrolet,Camry,1998,N,0,
73,54,324638,08/10/92,WV,500/1000,1000,1498.34,0,423340,FEMALE,High School,armed-forces,dancing,own-child,18820,-43971,11/20/15,Vehicle Theft,Front Collision,Minor Damage,Police,OH,Springfield,4194 2nd Drive,3,2,NO,0,1,?,103696,12987,6227,84482,Chevrolet,Pathfinder,2002,Y,1,
204,57,279674,02/16/94,OH,250/500,1000,1338.45,0,627940,MALE,Masters,armed-forces,reading,unmarried,11005,-36183,04/10/14,Single Vehicle Collision,?,Total Loss,Ambulance,NY,Columbus,9228 Elm Lane,7,2,NO,2,1,?,117469,15050,28804,73615,Nissan,A3,2002,Y,1,
237,68,692024,12/31/91,SC,250/500,1000,1581.52,0,401889,MALE,Masters,tech-support,board-games,other-relative,49367,-51330,10/29/14,Multi-vehicle Collision,Rear Collision,Major Damage,Police,IN,Springfield,6863 Maple Drive,9,3,?,2,3,NO,77934,18647,16861,42426,Ford,Camry,1999,N,0,
345,79,815578,07/09/94,NY,250/500,500,1182.1,4000000,418239,FEMALE,High School,protective-serv,sleeping,unmarried,31697,-65819,07/05/14,Single Vehicle Collision,Side Collision,Major Damage,Police,IL,Hillsdale,1020 2nd Drive,4,2,NO,0,2,YES,42973,3704,5374,33895,Saab,E400,2011,N,0,
90,30,668882,11/22/12,OH,250/500,1000,1296.84,0,474404,FEMALE,Associate,machine-op-inspct,reading,own-child,56630,-78588,08/24/15,Single Vehicle Collision,Rear Collision,Minor Damage,,WV,Northbend,5015 1st Ave,23,2,NO,2,1,YES,96464,20370,12549,63545,Mercedes,Highlander,2004,N,0,
211,57,259894,10/10/93,VA,500/1000,500,1385.04,5000000,461068,FEMALE,PhD,exec-managerial,board-games,own-child,48523,-11524,02/11/15,Single Vehicle Collision,Side Collision,Total Loss,Police,IN,Columbus,6374 Maple Drive,0,1,?,0,0,NO,42328,3176,5773,33379,Mercedes,Highlander,2013,N,0,Terms unfair favor company.
6,39,790233,02/06/00,IN,500/1000,500,971.79,6000000,583203,FEMALE,MD,tech-support,bungie-jumping,other-relative,77184,-44500,08/13/15,Single Vehicle Collision,?,Minor Damage,,NY,Hillsdale,3005 Maple Drive,6,3,?,2,1,YES,51995,3256,4204,44535,Mercedes,RSX,2003,N,0,
261,58,433648,03/31/12,NY,500/1000,500,1022.76,6000000,680059,FEMALE,PhD,armed-forces,reading,own-child,51916,-29272,06/04/14,Vehicle Theft,Front Collision,Major Damage,Ambulance,OH,Northbend,6827 2nd Drive,12,1,YES,1,2,?,20751,4841,4424,11486,Accura,RSX,2003,N,0,
208,30,501568,07/11/96,VA,100/300,1000,1967.04,4000000,488536,FEMALE,Masters,priv-house-serv,reading,unmarried,60155,-78643,08/07/14,Multi-vehicle Collision,?,Major Damage,Other,SC,Arlington,8131 2nd Drive,23,2,NO,1,1,YES,28294,2224,5714,20356,Nissan,Pathfinder,2014,N,0,
355,66,933698,10/27/94,WV,250/500,500,841.92,6000000,652527,MALE,High School,protective-serv,bungie-jumping,wife,63294,-63025,12/13/14,Single Vehicle Collision,Front Collision,Total Loss,Police,IN,Hillsdale,2140 4th St,14,2,YES,1,3,YES,104896,13690,9534,81672,Nissan,RAM,2004,Y,1,
287,70,379035,10/09/00,NC,250/500,2000,1032.91,5000000,598037,FEMALE,MD,armed-forces,camping,unmarried,1122,-57344,08/21/14,Vehicle Theft,Front Collision,Major Damage,Other,SC,Columbus,4173 4th St,22,3,YES,0,2,YES,94976,21552,16095,57329,Toyota,E400,2006,Y,1,
14,66,444782,03/20/03,IL,250/500,1000,1692.64,6000000,618008,MALE,High School,protective-serv,bungie-jumping,wife,63430,-17091,07/02/14,Multi-vehicle Collision,?,Major Damage,Police,NC,Springfield,2992 1st Ave,4,2,NO,2,0,YES,3350,624,707,2019,Ford,F150,2005,N,0,
68,67,508913,09/26/00,IN,500/1000,1000,1211.42,0,681563,FEMALE,MD,protective-serv,board-games,unmarried,55434,-68056,08/18/14,Single Vehicle Collision,Front Collision,Minor Damage,Police,OH,Springfield,6249 1st Ave,18,3,YES,0,2,YES,75781,6982,17721,51078,Honda,Pathfinder,2009,Y,1,
67,76,242106,03/27/99,SC,100/300,500,1987.75,5000000,661709,FEMALE,PhD,armed-forces,golf,other-relative,51486,-58745,11/01/14,Single Vehicle Collision,Rear Collision,Minor Damage,Police,IL,Columbus,9351 4th St,6,2,?,2,0,YES,7213,973,1217,5023,Dodge,Pathfinder,2005,N,0,Agent was pushy and misrepresented benefits.
412,27,580305,04/18/92,OH,100/300,2000,835.29,0,532197,FEMALE,PhD,protective-serv,skydiving,wife,61846,-51069,12/09/14,Single Vehicle Collision,Front Collision,Major Damage,Ambulance,IL,Springfield,7596 Elm Lane,6,2,NO,0,2,NO,5029,306,1130,3593,Accura,92x,1997,N,0,
362,58,899186,08/22/15,NY,250/500,500,1275.91,6000000,467630,MALE,Associate,sales,skydiving,wife,16676,-26788,05/05/15,Parked Car,?,Major Damage,Police,OH,Hillsdale,2314 4th St,12,1,NO,2,1,YES,98766,11094,21003,66669,Saab,92x,2013,N,0,
81,54,548738,03/22/91,NY,100/300,2000,850.39,0,506743,FEMALE,MD,tech-support,camping,wife,44397,-15291,08/17/15,Vehicle Theft,Rear Collision,Total Loss,Police,SC,Hillsdale,5633 5th Ridge,3,3,YES,2,0,YES,10469,1507,2612,6350,Dodge,Highlander,2002,N,0,
453,33,246452,08/03/08,SC,100/300,1000,1472.71,6000000,647569,MALE,High School,sales,bungie-jumping,wife,30218,-59977,01/01/15,Single Vehicle Collision,Side Collision,Minor Damage,,IL,Arlington,7473 5th Ridge,2,3,NO,0,1,NO,25996,4585,6380,15031,Audi,A3,2012,N,0,
265,62,165893,08/25/15,WV,250/500,1000,926.3,0,415774,MALE,High School,sales,camping,own-child,28302,-25032,07/02/15,Multi-vehicle Collision,?,Minor Damage,Police,NY,Springfield,7292 4th St,21,2,NO,1,3,YES,58535,3554,5812,49169,Nissan,95,2014,N,0,
433,21,949397,07/01/02,OH,100/300,500,1522.85,4000000,536679,FEMALE,High School,priv-house-serv,bungie-jumping,other-relative,34292,-63997,10/25/15,Multi-vehicle Collision,Rear Collision,Total Loss,Police,IN,Springfield,4603 3rd Hwy,15,2,NO,1,2,YES,17586,1254,2089,14243,Dodge,Civic,2002,N,0,
104,42,594594,02/26/92,OH,100/300,1000,1616.48,5000000,482363,FEMALE,Associate,exec-managerial,dancing,husband,57214,-73723,11/18/15,Single Vehicle Collision,?,Minor Damage,Other,NY,Columbus,8172 4th St,3,2,YES,2,2,?,28560,5460,5189,17911,Ford,RAM,2005,N,0,Company makes excuses paying.
353,22,952992,08/16/13,WV,250/500,2000,1271.8,3000000,625308,MALE,PhD,priv-house-serv,board-games,husband,28833,-3442,05/01/15,Single Vehicle Collision,Front Collision,Minor Damage,Police,SC,Springfield,9249 5th Ridge,9,2,YES,1,2,NO,88665,15714,20914,52037,Nissan,92x,1999,Y,1,
320,36,309997,03/15/95,NC,100/300,1000,1308.22,5000000,555470,MALE,High School,protective-serv,skydiving,unmarried,61059,-47180,06/25/14,Multi-vehicle Collision,Side Collision,Major Damage,Fire,SC,Hillsdale,1258 1st Ave,17,3,NO,0,2,YES,4153,364,719,3070,Nissan,RAM,2011,N,0,
490,77,287708,05/18/96,NY,250/500,500,1738.6,4000000,663222,FEMALE,MD,priv-house-serv,reading,husband,42259,-62684,08/19/14,Vehicle Theft,Side Collision,Total Loss,Police,WV,Columbus,7847 Maple Drive,23,3,YES,0,0,?,34705,4775,6327,23603,Audi,E400,2014,Y,1,
215,67,751509,12/13/94,NC,250/500,2000,993.11,6000000,596815,MALE,High School,exec-managerial,camping,wife,9198,-1135,10/04/15,Multi-vehicle Collision,Side Collision,Major Damage,Police,IL,Northbend,6777 3rd Hwy,17,1,NO,2,2,YES,31941,7102,5234,19605,Chevrolet,E400,2012,N,0,
426,69,331216,01/10/91,IL,100/300,500,1963.49,6000000,429696,FEMALE,High School,machine-op-inspct,reading,wife,37659,-65715,07/03/15,Vehicle Theft,Front Collision,Total Loss,Other,WV,Springfield,4591 2nd Drive,18,3,?,1,3,YES,56709,8194,10167,38348,Chevrolet,Highlander,2007,Y,1,Claim processing extremely slow. Waiting for months now.
33,79,633268,10/30/02,IL,250/500,1000,1477.98,4000000,685063,MALE,MD,tech-support,dancing,own-child,46746,-21619,04/07/14,Multi-vehicle Collision,Front Collision,Major Damage,Police,WV,Hillsdale,6466 4th St,21,1,?,0,2,YES,42607,5271,6678,30658,Audi,Pathfinder,1998,N,0,
347,54,712596,01/30/97,WV,500/1000,2000,1882.09,0,560168,MALE,PhD,sales,skydiving,husband,15862,-68386,07/29/14,Single Vehicle Collision,Rear Collision,Major Damage,Police,NC,Springfield,9153 5th Ridge,0,1,YES,0,1,YES,92501,9091,21647,61763,Mercedes,RAM,2001,N,0,
280,79,360914,05/31/07,VA,100/300,1000,1957,5000000,493869,FEMALE,High School,tech-support,bungie-jumping,other-relative,48887,-17839,03/31/15,Multi-vehicle Collision,Rear Collision,Total Loss,Police,IN,Columbus,1180 3rd Hwy,1,1,NO,2,3,NO,117762,7228,23519,87015,Audi,92x,2000,Y,1,Unable to reach support business hours.
320,73,407751,03/08/04,NC,100/300,1000,1497.95,5000000,644752,FEMALE,Associate,tech-support,golf,wife,3556,-1626,12/14/15,Parked Car,Front Collision,Major Damage,Police,VA,Arlington,2880 4th St,22,3,?,0,3,YES,28212,4043,5106,19063,Honda,E400,2007,N,0,
396,49,258412,08/04/96,IL,100/300,2000,1369.25,4000000,476075,MALE,Associate,machine-op-inspct,reading,own-child,40450,-25170,08/13/15,Multi-vehicle Collision,?,Minor Damage,,OH,Northbend,4067 3rd Hwy,0,3,NO,2,1,YES,92567,13690,21178,57699,Saab,E400,1998,Y,1,
426,71,221494,02/23/15,IN,100/300,1000,897.36,5000000,566882,FEMALE,MD,protective-serv,skydiving,unmarried,16424,-31938,03/04/14,Multi-vehicle Collision,?,Major Damage,,SC,Riverwood,6513 Elm Lane,8,1,YES,0,1,YES,64440,6771,14116,43553,Dodge,95,2011,N,0,
39,34,957958,06/24/98,IL,100/300,1000,981.02,0,618442,MALE,PhD,sales,dancing,husband,29116,-16804,06/28/14,Single Vehicle Collision,Front Collision,Total Loss,Police,NY,Hillsdale,5240 1st Ave,10,3,NO,0,0,YES,42655,2743,7465,32447,Audi,A3,2000,N,0,
440,40,545309,12/19/99,NY,250/500,1000,1959.82,0,643954,MALE,Masters,machine-op-inspct,sleeping,wife,25516,-58280,11/15/14,Single Vehicle Collision,Front Collision,Total Loss,Police,NC,Springfield,9742 1st Ave,5,2,NO,1,0,?,13045,2522,1995,8528,Ford,Civic,2015,N,0,
231,78,225562,05/14/00,SC,500/1000,1000,874.6,4000000,534626,MALE,PhD,exec-managerial,sleeping,husband,29948,-25821,04/27/14,Single Vehicle Collision,?,Minor Damage,,IN,Hillsdale,4784 4th St,0,1,?,2,3,YES,7018,1248,377,5393,Chevrolet,Highlander,2012,N,0,
137,68,105100,03/11/06,NY,250/500,1000,1360.45,0,587891,MALE,PhD,exec-managerial,board-games,other-relative,934,-36335,07/24/14,Vehicle Theft,Front Collision,Major Damage,Police,IL,Springfield,3672 Maple Drive,2,3,YES,0,0,?,66687,8977,10135,47575,Mercedes,92x,1997,Y,1,
30,57,611471,09/17/13,WV,250/500,500,1682.04,0,568565,MALE,Masters,priv-house-serv,bungie-jumping,wife,35382,-75523,04/25/15,Single Vehicle Collision,Rear Collision,Major Damage,Police,OH,Arlington,1446 Maple Drive,23,3,YES,1,3,NO,83797,17904,5061,60832,Audi,RSX,2001,Y,1,
427,30,320648,02/05/04,IL,100/300,1000,1387.32,3000000,620598,FEMALE,Associate,priv-house-serv,camping,unmarried,61175,-8049,04/15/15,Single Vehicle Collision,Rear Collision,Major Damage,Police,SC,Northbend,6599 1st Ave,9,3,YES,2,1,YES,58199,11450,10684,36065,Audi,Camry,2014,N,0,
359,26,896321,07/24/11,NC,500/1000,2000,822.72,0,436451,FEMALE,MD,tech-support,sleeping,wife,37984,-62804,10/07/15,Multi-vehicle Collision,Front Collision,Major Damage,Ambulance,SC,Arlington,9691 Elm Lane,5,1,YES,0,2,YES,58423,5553,8441,44429,Chevrolet,Pathfinder,2008,N,0,
294,78,657120,12/07/07,SC,250/500,2000,1565.1,3000000,541248,MALE,High School,armed-forces,bungie-jumping,husband,51729,-38673,09/03/15,Single Vehicle Collision,Front Collision,Major Damage,Police,OH,Hillsdale,6105 Maple Drive,4,3,NO,1,1,NO,20694,1888,2007,16799,Accura,E400,2004,N,0,
24,67,567982,06/27/96,NY,100/300,1000,947.76,6000000,401877,MALE,PhD,tech-support,sleeping,unmarried,6761,-76231,06/06/14,Multi-vehicle Collision,Front Collision,Total Loss,Other,SC,Riverwood,3566 2nd Drive,23,2,NO,1,2,YES,93656,8553,12285,72818,Ford,RAM,2005,Y,1,
1,37,978033,10/12/01,OH,250/500,500,1385.72,0,630989,MALE,High School,tech-support,dancing,wife,76070,-16090,12/05/15,Vehicle Theft,Front Collision,Minor Damage,Ambulance,VA,Columbus,5140 3rd Hwy,6,3,YES,1,2,NO,70221,5458,9114,55649,Ford,E400,2011,Y,1,
149,26,249748,03/12/08,OH,500/1000,1000,1039.42,0,520848,MALE,Associate,priv-house-serv,reading,unmarried,48635,-59382,02/19/15,Multi-vehicle Collision,Side Collision,Minor Damage,Police,NY,Riverwood,8943 3rd Hwy,9,1,NO,2,3,NO,64876,11279,8994,44603,Nissan,E400,1999,N,0,
99,35,153321,02/24/97,WV,250/500,500,1242.39,0,600943,MALE,High School,machine-op-inspct,bungie-jumping,wife,21943,-12289,11/08/14,Vehicle Theft,Front Collision,Major Damage,Fire,VA,Hillsdale,6867 4th St,13,3,YES,1,0,YES,89372,21303,21254,46815,Honda,RAM,1997,Y,1,
378,24,280601,03/20/07,SC,100/300,500,1982.81,0,574579,FEMALE,MD,tech-support,board-games,other-relative,79208,-65503,09/15/14,Single Vehicle Collision,Front Collision,Minor Damage,Police,VA,Columbus,1383 Maple Drive,9,3,YES,2,0,YES,66404,11389,9246,45769,Ford,Civic,2004,N,0,Customer support non-existent claim time.
390,29,181810,10/30/03,NY,250/500,1000,805.15,6000000,552153,FEMALE,Associate,tech-support,board-games,own-child,27895,-77888,03/29/15,Parked Car,?,Minor Damage,Police,NC,Springfield,8315 5th Ridge,18,1,YES,2,1,YES,54929,11832,13366,29731,Nissan,Tahoe,1999,N,0,Claims staff unhelpful.
102,42,592368,03/24/97,IL,250/500,500,978.98,0,405421,FEMALE,Masters,machine-op-inspct,skydiving,husband,43154,-25625,06/30/15,Multi-vehicle Collision,Front Collision,Major Damage,Fire,VA,Northbend,4579 3rd Hwy,0,1,?,0,1,YES,99785,12474,13917,73394,Saab,RSX,2009,N,0,
171,52,516918,08/02/00,SC,100/300,1000,879.3,3000000,568564,MALE,High School,exec-managerial,sleeping,wife,51853,-18608,11/10/15,Multi-vehicle Collision,Rear Collision,Major Damage,Police,WV,Arlington,8031 4th St,23,2,NO,2,0,YES,40426,10047,4079,26300,Accura,A3,2012,N,0,
28,71,576510,10/19/99,OH,250/500,1000,1947.91,4000000,605500,FEMALE,MD,protective-serv,golf,wife,28965,-18561,10/31/14,Multi-vehicle Collision,Side Collision,Major Damage,Police,OH,Arlington,3583 5th Ridge,9,3,NO,1,1,YES,112564,8295,18229,86040,Honda,Camry,2011,Y,1,
421,73,840147,01/12/91,NY,250/500,500,1476.93,6000000,409731,MALE,Associate,tech-support,sleeping,other-relative,73582,-56132,01/29/15,Single Vehicle Collision,Side Collision,Minor Damage,Fire,IL,Riverwood,8208 3rd Hwy,20,2,YES,1,1,YES,30882,6441,5204,19237,Saab,RSX,2015,N,0,
21,34,608666,10/27/03,WV,250/500,1000,1474.1,4000000,429869,MALE,MD,protective-serv,board-games,unmarried,27597,-56728,09/27/15,Multi-vehicle Collision,Side Collision,Minor Damage,Police,VA,Northbend,3555 Maple Drive,15,2,NO,2,2,NO,97129,16432,6962,73735,Dodge,Tahoe,1995,N,0,
301,52,253826,10/05/14,NC,250/500,2000,944.45,4000000,634278,MALE,Masters,tech-support,dancing,unmarried,8091,-37545,04/02/14,Single Vehicle Collision,Side Collision,Minor Damage,,IL,Northbend,3769 Maple Drive,7,1,NO,1,3,YES,41661,9865,3832,27964,Accura,RAM,2013,N,0,Claims department disorganized.
309,62,133100,03/08/05,WV,250/500,500,885.83,4000000,466818,MALE,MD,machine-op-inspct,dancing,other-relative,73109,-2886,05/02/14,Single Vehicle Collision,?,Major Damage,Police,SC,Columbus,2791 2nd Drive,13,2,NO,2,3,YES,34092,6540,7011,20541,Accura,A5,1995,N,0,
493,20,617590,07/03/15,WV,500/1000,2000,1338.65,0,480605,MALE,Associate,exec-managerial,skydiving,own-child,5468,-36053,07/31/15,Single Vehicle Collision,Front Collision,Major Damage,Fire,IN,Springfield,1461 3rd Hwy,1,2,YES,1,3,NO,24704,5043,4380,15281,Saab,Camry,2001,N,0,
225,45,173145,06/09/11,IL,250/500,1000,1928.14,4000000,488252,MALE,PhD,priv-house-serv,bungie-jumping,wife,3500,-8661,02/16/14,Multi-vehicle Collision,Side Collision,Minor Damage,Fire,VA,Riverwood,6414 Maple Drive,21,2,YES,0,0,NO,52280,10676,4130,37474,Toyota,Pathfinder,2011,N,0,
382,21,401625,03/16/94,WV,100/300,2000,1863.24,5000000,458628,MALE,MD,machine-op-inspct,bungie-jumping,husband,53972,-9312,12/25/15,Parked Car,Side Collision,Total Loss,Police,IN,Springfield,8662 2nd Drive,22,2,YES,0,0,?,15066,1149,3168,10749,Saab,92x,2013,N,0,
135,30,614233,08/08/02,SC,100/300,500,938.97,5000000,465720,MALE,MD,priv-house-serv,dancing,other-relative,37620,-56135,01/28/15,Multi-vehicle Collision,?,Minor Damage,Police,VA,Arlington,2724 5th Ridge,3,2,YES,2,1,YES,52091,11426,5468,35197,Chevrolet,A5,2009,N,0,
47,50,521834,10/28/13,VA,100/300,2000,1058.72,0,599553,FEMALE,MD,priv-house-serv,camping,own-child,74468,-48007,01/01/14,Single Vehicle Collision,Front Collision,Minor Damage,Police,NY,Springfield,6595 Maple Drive,23,2,?,0,1,YES,106270,12548,13860,79862,Toyota,Civic,2009,N,0,
414,21,855543,08/24/99,VA,250/500,1000,1134.58,0,439466,FEMALE,Masters,sales,reading,husband,42176,-6880,06/14/14,Multi-vehicle Collision,Rear Collision,Total Loss,Police,NY,Hillsdale,1513 Maple Drive,17,3,NO,0,1,YES,10325,1014,1180,8131,Dodge,RSX,2015,N,0,
419,73,232435,02/19/11,OH,100/300,500,1568.62,6000000,440206,MALE,PhD,tech-support,reading,husband,63445,-41327,02/25/15,Multi-vehicle Collision,Side Collision,Total Loss,Ambulance,IN,Hillsdale,5895 Maple Drive,8,3,YES,0,0,YES,24251,1426,5813,17012,Chevrolet,A5,2004,N,0,
462,68,807701,10/07/07,IN,250/500,1000,1764.38,5000000,532981,MALE,High School,tech-support,golf,wife,17659,-30799,07/15/14,Multi-vehicle Collision,Front Collision,Minor Damage,Police,NC,Springfield,4375 Elm Lane,1,1,YES,2,1,NO,93127,16262,12497,64368,Audi,F150,2003,N,0,
332,54,862527,05/03/10,NY,500/1000,1000,1323.38,0,614272,FEMALE,Associate,protective-serv,golf,other-relative,20785,-4269,08/11/15,Single Vehicle Collision,?,Minor Damage,Police,NC,Arlington,5842 5th Ridge,16,2,YES,2,1,YES,9361,2087,1561,5713,Audi,Tahoe,2006,N,0,
56,36,490634,05/13/00,NC,500/1000,2000,1103.09,4000000,455408,FEMALE,MD,exec-managerial,camping,wife,72622,-51581,06/20/14,Single Vehicle Collision,Front Collision,Major Damage,,OH,Arlington,6918 2nd Drive,16,1,NO,0,1,YES,54211,3256,8815,42140,Mercedes,Pathfinder,2000,N,0,
110,64,477792,12/21/07,IN,100/300,1000,1289.27,5000000,545357,FEMALE,MD,armed-forces,bungie-jumping,unmarried,35391,-50937,05/09/15,Multi-vehicle Collision,Front Collision,Minor Damage,Police,WV,Columbus,8316 3rd Hwy,14,1,YES,0,0,YES,14689,1167,3300,10222,Accura,A5,2013,N,0,
284,57,453965,03/25/06,VA,100/300,1000,1313.69,4000000,447979,FEMALE,MD,protective-serv,golf,husband,11702,-54323,01/24/14,Single Vehicle Collision,Front Collision,Major Damage,Fire,VA,Northbend,3034 5th Ridge,12,1,YES,1,0,YES,108829,17538,16656,74635,Toyota,A5,2001,Y,1,
258,69,124155,11/09/06,VA,250/500,1000,895.37,0,570825,MALE,PhD,priv-house-serv,camping,wife,38935,-17057,09/08/15,Multi-vehicle Collision,?,Major Damage,Police,NY,Springfield,2608 4th St,15,1,?,0,0,YES,60279,14546,7927,37806,Audi,Pathfinder,2008,N,0,
48,74,545076,10/28/94,IL,250/500,1000,804.38,5000000,508571,FEMALE,High School,protective-serv,bungie-jumping,wife,35100,-30958,11/30/15,Multi-vehicle Collision,?,Minor Damage,Other,NC,Columbus,4534 3rd Hwy,22,2,NO,0,3,YES,85510,5992,20357,59161,Mercedes,Civic,2008,N,0,
81,26,651117,04/26/05,OH,250/500,2000,1178.41,0,590307,FEMALE,PhD,machine-op-inspct,golf,other-relative,29550,-65946,05/14/15,Multi-vehicle Collision,Front Collision,Minor Damage,Police,WV,Arlington,4989 5th Ridge,2,3,NO,0,1,YES,43691,7136,10154,26401,Toyota,A5,2004,N,0,
312,19,320757,05/11/03,NY,500/1000,2000,1962.91,0,677408,MALE,Masters,protective-serv,camping,unmarried,23334,-15874,06/05/15,Vehicle Theft,Front Collision,Minor Damage,Fire,NY,Arlington,1181 1st Ave,17,1,NO,2,1,NO,12291,1593,2126,8572,Toyota,F150,2008,N,0,
187,44,331766,06/15/95,VA,100/300,2000,1347.09,3000000,570362,MALE,High School,priv-house-serv,reading,husband,75086,-38160,08/05/14,Single Vehicle Collision,Rear Collision,Major Damage,Police,WV,Springfield,5771 1st Ave,15,1,YES,2,1,NO,101706,14198,12814,74694,Chevrolet,92x,2001,N,0,
455,25,389821,03/19/15,IN,500/1000,1000,974.75,0,429974,MALE,Associate,sales,golf,unmarried,60250,-6973,12/08/14,Single Vehicle Collision,Front Collision,Total Loss,Police,VA,Northbend,2432 4th St,3,2,NO,1,0,NO,89566,11999,13767,63800,Honda,Tahoe,2010,Y,1,
372,18,784275,08/31/15,IL,250/500,1000,810.76,0,587239,FEMALE,Masters,tech-support,dancing,husband,22313,-64488,12/17/14,Single Vehicle Collision,Side Collision,Minor Damage,Ambulance,IN,Riverwood,6777 3rd Hwy,23,3,NO,0,3,NO,38673,7975,7044,23654,Dodge,A3,1996,N,0,
233,41,995789,11/13/06,SC,500/1000,1000,1715.77,0,515114,MALE,MD,protective-serv,board-games,own-child,6801,-8511,05/24/14,Vehicle Theft,Side Collision,Total Loss,Police,IL,Hillsdale,7814 2nd Drive,16,1,NO,2,3,YES,35257,5932,6135,23190,Nissan,Tahoe,2006,N,0,
227,43,110633,11/20/12,OH,250/500,1000,829.14,0,452507,MALE,MD,armed-forces,sleeping,own-child,48322,-20157,10/16/15,Multi-vehicle Collision,Side Collision,Total Loss,Police,SC,Columbus,3354 2nd Drive,21,3,NO,1,2,NO,53729,9262,10745,33722,Toyota,95,2014,N,0,
51,57,105647,05/30/93,SC,250/500,1000,1481.18,3000000,492156,FEMALE,PhD,machine-op-inspct,golf,own-child,43773,-62453,10/17/15,Multi-vehicle Collision,Front Collision,Major Damage,Police,OH,Hillsdale,2431 Maple Drive,14,1,YES,1,3,YES,2336,405,128,1803,Chevrolet,Highlander,2000,N,0,
331,71,474707,08/16/90,NY,100/300,1000,1947.9,0,654966,FEMALE,High School,exec-managerial,sleeping,wife,72564,-55009,05/01/14,Multi-vehicle Collision,?,Major Damage,Police,WV,Springfield,2630 4th St,8,1,YES,1,2,NO,97931,5151,16601,76179,Dodge,Highlander,1998,N,0,
405,76,363351,05/17/13,NC,250/500,2000,1974.88,4000000,571702,FEMALE,Masters,exec-managerial,reading,husband,71906,-8523,04/19/14,Single Vehicle Collision,Rear Collision,Total Loss,Fire,IL,Northbend,6858 3rd Hwy,11,1,NO,1,0,YES,76329,8903,5073,62353,Saab,Civic,1995,N,0,
449,66,675646,06/25/15,SC,100/300,500,1258.9,6000000,533799,MALE,PhD,priv-house-serv,golf,husband,3581,-41149,03/06/14,Single Vehicle Collision,Front Collision,Minor Damage,Fire,NY,Arlington,3122 1st Ave,17,3,YES,1,1,YES,54245,12443,13408,28394,Saab,E400,2010,N,0,
119,76,362152,03/24/00,OH,100/300,1000,1034.32,5000000,567287,MALE,MD,exec-managerial,board-games,unmarried,17876,-73023,05/04/14,Multi-vehicle Collision,Side Collision,Total Loss,Police,WV,Hillsdale,7880 4th St,20,2,?,1,3,YES,80778,11498,6857,62423,Chevrolet,95,2000,N,0,
351,38,390153,07/11/04,SC,100/300,2000,1002.45,4000000,646757,FEMALE,MD,exec-managerial,sleeping,other-relative,4653,-34657,07/04/14,Single Vehicle Collision,Front Collision,Total Loss,Other,NY,Arlington,4912 Elm Lane,17,3,NO,2,0,YES,78377,12530,8588,57259,Accura,Pathfinder,2011,Y,1,
188,68,480492,05/16/99,NC,250/500,1000,1597.06,6000000,510371,FEMALE,MD,protective-serv,board-games,husband,26046,-29779,03/22/14,Single Vehicle Collision,Front Collision,Major Damage,Ambulance,IL,Columbus,8936 Elm Lane,12,2,?,2,0,YES,37921,5412,7318,25191,Saab,F150,2012,N,0,
46,62,436977,12/07/09,WV,500/1000,1000,1159.55,4000000,548753,MALE,High School,priv-house-serv,bungie-jumping,wife,29641,-56993,06/12/15,Single Vehicle Collision,Side Collision,Minor Damage,Police,IN,Springfield,6541 Maple Drive,15,2,?,0,1,NO,26789,4482,4420,17887,Honda,A3,1997,N,0,
75,79,659624,02/26/96,NC,250/500,2000,900.81,6000000,534309,FEMALE,Masters,priv-house-serv,board-games,husband,630,-60504,11/10/15,Multi-vehicle Collision,Front Collision,Major Damage,Police,IN,Arlington,1847 4th St,10,1,NO,0,0,YES,68142,11131,8484,48527,Honda,95,2011,N,0,
206,62,451121,10/30/11,IN,100/300,2000,1630.4,4000000,660355,FEMALE,PhD,tech-support,golf,unmarried,48282,-77773,02/10/14,Multi-vehicle Collision,Side Collision,Minor Damage,Police,SC,Riverwood,2114 3rd Hwy,14,2,?,0,0,?,3309,248,323,2738,Mercedes,A3,1997,N,0,
7,20,242921,10/25/97,SC,250/500,1000,983.05,3000000,443978,MALE,MD,protective-serv,reading,own-child,15863,-968,06/07/15,Single Vehicle Collision,Side Collision,Major Damage,Police,IN,Riverwood,6078 4th St,22,2,YES,2,1,NO,27826,5120,6658,16048,Mercedes,RAM,2009,N,0,
158,48,713114,03/14/97,WV,100/300,2000,1574.83,0,672169,MALE,High School,armed-forces,skydiving,wife,15566,-6809,07/24/15,Single Vehicle Collision,Rear Collision,Major Damage,Police,WV,Northbend,3421 Maple Drive,15,2,NO,0,2,YES,78285,19305,4217,54763,Accura,Pathfinder,2002,N,0,Professional claim handling impressive.
245,27,351158,03/20/91,NY,500/1000,500,1571.27,3000000,527734,FEMALE,High School,sales,sleeping,own-child,52289,-14127,05/06/15,Single Vehicle Collision,Side Collision,Minor Damage,,OH,Springfield,3473 1st Ave,10,2,YES,1,3,NO,89141,17945,12741,58455,Toyota,92x,2011,Y,1,
239,24,936529,12/07/92,SC,250/500,1000,1184.01,0,654834,MALE,Associate,armed-forces,golf,husband,40995,-70155,12/07/15,Multi-vehicle Collision,Side Collision,Minor Damage,Ambulance,VA,Arlington,2454 3rd Hwy,13,2,NO,0,1,NO,59411,10125,14257,35029,Nissan,95,1995,N,0,
437,71,429743,12/21/97,IN,250/500,1000,1880.49,5000000,613177,MALE,High School,priv-house-serv,reading,own-child,40154,-34606,07/13/14,Multi-vehicle Collision,Front Collision,Major Damage,Police,IN,Riverwood,6261 4th St,5,2,YES,0,0,YES,8675,1037,2133,5505,Saab,Civic,2006,N,0,
448,75,936142,07/05/03,VA,250/500,2000,1031.06,4000000,661710,FEMALE,Masters,armed-forces,camping,husband,44585,-27532,06/23/14,Multi-vehicle Collision,Side Collision,Minor Damage,Police,IN,Hillsdale,5789 Maple Drive,12,2,NO,0,1,YES,111434,6332,10437,94665,Accura,95,2003,Y,1,
198,37,143530,04/12/96,VA,100/300,500,1677.48,0,611223,MALE,High School,priv-house-serv,camping,wife,79599,-78280,01/26/14,Multi-vehicle Collision,Front Collision,Total Loss,Police,NY,Riverwood,1114 Maple Drive,11,2,?,1,3,?,50603,11065,5734,33804,Audi,RAM,2002,N,0,
172,53,298177,04/23/04,IN,500/1000,2000,828.48,5000000,586426,FEMALE,Associate,armed-forces,reading,own-child,37816,-8770,08/30/15,Multi-vehicle Collision,Side Collision,Major Damage,Police,WV,Riverwood,3932 2nd Drive,9,3,YES,1,0,NO,16625,4102,2159,10364,Mercedes,A3,2004,N,0,
486,66,917925,10/01/93,WV,100/300,1000,840.16,6000000,566250,MALE,PhD,protective-serv,board-games,unmarried,54452,-65704,09/13/15,Multi-vehicle Collision,?,Minor Damage,,IL,Northbend,8228 1st Ave,5,3,?,0,1,NO,78326,5329,12513,60484,Honda,RSX,2009,N,0,Claims lost important documents.
370,29,593200,12/31/96,NY,250/500,1000,1748.81,5000000,457167,MALE,Associate,tech-support,golf,other-relative,37880,-42181,02/16/15,Single Vehicle Collision,Side Collision,Major Damage,,WV,Columbus,6857 4th St,11,1,YES,1,1,NO,14245,2310,2424,9511,Dodge,F150,2013,N,0,
84,21,707927,03/26/99,NC,250/500,500,1397.08,3000000,488601,MALE,Masters,protective-serv,bungie-jumping,husband,34123,-1023,04/02/14,Single Vehicle Collision,Side Collision,Total Loss,Ambulance,NY,Northbend,2931 2nd Drive,12,3,?,0,0,NO,80537,6553,5386,68598,Mercedes,E400,2010,Y,1,
234,59,502552,11/08/01,SC,100/300,500,1009,4000000,546857,FEMALE,Masters,armed-forces,reading,own-child,53262,-71978,07/08/14,Multi-vehicle Collision,?,Minor Damage,,NY,Northbend,1440 5th Ridge,14,3,NO,1,3,YES,28799,4236,2792,21771,Audi,A5,2006,N,0,
292,33,311495,09/04/94,SC,500/1000,500,1353.38,5000000,423145,MALE,PhD,exec-managerial,board-games,wife,69143,-31232,09/21/14,Multi-vehicle Collision,Front Collision,Minor Damage,Police,NY,Hillsdale,4780 Elm Lane,17,3,NO,0,3,?,39836,9581,6012,24243,Dodge,Civic,2015,N,0,
419,65,303447,12/23/92,NC,500/1000,2000,1310.54,0,635866,FEMALE,MD,sales,reading,unmarried,8885,-51485,06/14/15,Single Vehicle Collision,Front Collision,Total Loss,Police,VA,Columbus,1734 Elm Lane,21,2,?,2,2,YES,6963,446,1522,4995,Nissan,A5,2011,N,0,
257,79,446894,03/15/94,IN,250/500,2000,800.03,4000000,530478,MALE,Masters,sales,skydiving,husband,57845,-79352,05/23/15,Single Vehicle Collision,Front Collision,Total Loss,Police,WV,Springfield,1344 2nd Drive,15,2,NO,2,2,NO,35494,2881,3380,29233,Nissan,Camry,2007,N,0,
118,24,706703,09/25/10,SC,100/300,1000,1645.1,0,606889,FEMALE,Masters,exec-managerial,golf,husband,6646,-74690,08/04/14,Multi-vehicle Collision,Side Collision,Total Loss,Police,NC,Arlington,4777 5th Ridge,12,1,NO,1,1,?,117711,28627,14398,74686,Dodge,92x,2012,Y,1,
478,56,483441,02/14/14,NY,100/300,1000,965.38,0,661121,FEMALE,MD,protective-serv,board-games,husband,3991,-15816,05/06/15,Multi-vehicle Collision,Rear Collision,Major Damage,,OH,Hillsdale,2907 3rd Hwy,12,1,NO,1,3,YES,114370,6619,20558,87193,Audi,Tahoe,2011,N,0,
262,44,864613,08/18/14,IL,500/1000,1000,1872.85,5000000,481592,MALE,PhD,tech-support,dancing,other-relative,33229,-42569,09/23/15,Parked Car,Side Collision,Major Damage,Other,IN,Springfield,4477 Maple Drive,10,2,NO,2,1,YES,73122,12321,18133,42668,Chevrolet,Camry,2000,N,0,
279,55,507091,09/17/98,IL,100/300,1000,1356.9,3000000,616344,MALE,PhD,tech-support,board-games,wife,4244,-21965,03/30/14,Single Vehicle Collision,Front Collision,Minor Damage,Police,OH,Columbus,9015 2nd Drive,11,2,YES,2,3,YES,49847,9638,10929,29280,Saab,95,1999,N,0,Decent policy average care.
316,76,723411,01/20/90,VA,250/500,500,1524.16,4000000,696546,FEMALE,High School,machine-op-inspct,golf,husband,39694,-28718,11/26/14,Parked Car,Front Collision,Major Damage,Other,WV,Northbend,6718 4th St,4,1,NO,2,3,YES,27176,2768,4908,19500,Dodge,Pathfinder,2001,N,0,
470,67,848738,09/07/93,IL,100/300,500,920.84,0,696593,FEMALE,MD,exec-managerial,sleeping,own-child,60758,-66804,09/15/15,Multi-vehicle Collision,Rear Collision,Minor Damage,Police,OH,Columbus,3752 4th St,6,3,NO,0,0,NO,19765,4134,1681,13950,Nissan,Highlander,1996,N,0,
188,54,317725,06/20/98,WV,500/1000,2000,838.79,0,662983,MALE,Associate,machine-op-inspct,golf,unmarried,59479,-7288,04/29/15,Vehicle Theft,Side Collision,Major Damage,Police,VA,Columbus,6217 2nd Drive,18,2,YES,0,0,NO,49976,8184,12306,29486,Mercedes,Pathfinder,2006,N,0,
431,78,442830,10/24/98,NY,100/300,500,1241.17,6000000,485338,FEMALE,Associate,priv-house-serv,reading,other-relative,28700,-78824,10/25/14,Single Vehicle Collision,Front Collision,Minor Damage,Ambulance,IL,Columbus,2711 1st Ave,9,2,YES,0,3,?,31120,1806,3036,26278,Honda,95,2008,N,0,
282,66,877478,03/30/00,WV,250/500,2000,1549.7,4000000,585317,MALE,Associate,priv-house-serv,reading,husband,1822,-28044,07/31/15,Multi-vehicle Collision,Front Collision,Major Damage,Police,SC,Hillsdale,6764 2nd Drive,12,2,NO,0,0,YES,67354,9916,5263,52175,Toyota,A3,2004,N,0,
444,71,418249,09/11/91,IL,250/500,500,979.98,5000000,400854,FEMALE,MD,armed-forces,skydiving,husband,14738,-27784,01/29/15,Parked Car,?,Minor Damage,,NY,Northbend,9949 Maple Drive,6,2,NO,1,3,YES,40112,3089,9344,27679,Saab,RAM,2009,N,0,As expected nothing more.
149,27,763620,06/10/94,VA,250/500,1000,1170.16,3000000,490616,MALE,Masters,protective-serv,dancing,wife,17974,-32165,05/30/14,Multi-vehicle Collision,Side Collision,Total Loss,Fire,WV,Northbend,4300 3rd Hwy,15,1,NO,0,0,YES,50392,7941,10921,31530,Toyota,92x,2007,N,0,
435,74,926112,04/13/12,SC,250/500,500,1188.06,6000000,591210,MALE,Masters,priv-house-serv,camping,other-relative,12702,-45669,05/03/14,Multi-vehicle Collision,Side Collision,Minor Damage,Police,IN,Northbend,1767 5th Ridge,0,3,NO,0,3,YES,15320,1600,2127,11593,Mercedes,92x,1995,N,0,
493,34,452324,06/06/15,IL,100/300,500,1626.35,6000000,555164,FEMALE,MD,exec-managerial,sleeping,husband,58445,-67350,02/02/14,Single Vehicle Collision,Side Collision,Minor Damage,,IN,Arlington,4843 2nd Drive,7,3,YES,1,3,?,38342,7084,2112,29146,Honda,Camry,1997,N,0,
251,57,481949,08/10/07,IL,100/300,500,1161.72,5000000,441880,FEMALE,Associate,machine-op-inspct,camping,husband,79855,-74948,09/08/15,Single Vehicle Collision,Front Collision,Major Damage,Police,IL,Columbus,7783 3rd Hwy,14,2,YES,0,3,YES,44831,9153,3975,31703,Chevrolet,92x,2002,N,0,
343,77,650751,12/16/95,WV,100/300,2000,1130.75,5000000,512240,MALE,Masters,tech-support,skydiving,other-relative,60819,-10320,03/23/15,Multi-vehicle Collision,Front Collision,Minor Damage,,SC,Riverwood,9359 5th Ridge,1,1,YES,0,2,YES,93020,14333,11382,67305,Dodge,E400,2009,N,0,
415,78,641437,02/17/97,IL,500/1000,2000,1205.62,0,569529,FEMALE,PhD,machine-op-inspct,board-games,husband,7225,-52572,05/30/15,Single Vehicle Collision,?,Total Loss,Other,NY,Northbend,1224 Elm Lane,10,2,NO,2,3,NO,86197,13724,14716,57757,Accura,E400,2006,Y,1,
315,23,750468,08/28/09,SC,500/1000,1000,1632.81,6000000,655299,MALE,High School,machine-op-inspct,bungie-jumping,own-child,1435,-19095,10/28/14,Multi-vehicle Collision,Rear Collision,Major Damage,,IL,Columbus,4161 4th St,5,1,YES,0,0,YES,4143,570,753,2820,Dodge,92x,1999,N,0,
465,54,268905,01/13/14,SC,100/300,1000,1546.79,4000000,417164,FEMALE,PhD,tech-support,skydiving,other-relative,5877,-72374,12/27/15,Vehicle Theft,Front Collision,Minor Damage,Police,SC,Springfield,6143 Maple Drive,19,3,NO,1,2,NO,119066,21259,23552,74255,Mercedes,Tahoe,2014,Y,1,Standard experience no major issues.
467,73,756414,07/21/99,NY,250/500,2000,932.34,6000000,549409,MALE,Associate,machine-op-inspct,sleeping,unmarried,51950,-79430,03/18/14,Multi-vehicle Collision,Front Collision,Major Damage,Police,NY,Springfield,2326 5th Ridge,14,1,YES,0,0,NO,59972,7348,6077,46547,Saab,Camry,1998,N,0,
88,53,656520,03/16/14,IL,100/300,1000,1908.9,0,645119,FEMALE,Masters,sales,skydiving,wife,50258,-50830,11/10/14,Multi-vehicle Collision,Front Collision,Major Damage,Police,NC,Riverwood,4105 5th Ridge,12,1,YES,0,2,?,81640,11617,19270,50753,Honda,92x,2011,Y,1,
220,21,443884,01/07/08,NC,100/300,1000,1201.52,6000000,683387,MALE,High School,machine-op-inspct,reading,wife,74276,-64459,06/13/14,Single Vehicle Collision,?,Major Damage,Police,IL,Northbend,4681 3rd Hwy,21,3,YES,0,2,YES,62636,12877,3492,46267,Ford,RAM,2015,N,0,
405,52,242055,07/19/00,VA,250/500,1000,1836.93,0,637291,FEMALE,Associate,protective-serv,board-games,own-child,2552,-32349,01/11/14,Vehicle Theft,Front Collision,Major Damage,Police,NY,Columbus,5854 Elm Lane,10,3,NO,1,2,YES,45457,10929,6883,27645,Dodge,RAM,1997,N,0,
490,54,201941,04/06/92,OH,250/500,2000,1550.51,4000000,432359,MALE,High School,sales,bungie-jumping,unmarried,71006,-65878,04/06/15,Vehicle Theft,Front Collision,Major Damage,Police,IL,Columbus,9809 1st Ave,0,1,YES,2,2,YES,24800,3753,3381,17666,Mercedes,F150,2002,N,0,Great value excellent coverage.
454,61,475543,04/30/04,VA,250/500,2000,1246.2,0,602918,MALE,Associate,machine-op-inspct,dancing,wife,56341,-26371,12/29/15,Multi-vehicle Collision,Front Collision,Major Damage,Police,IL,Arlington,6140 Maple Drive,7,2,NO,2,3,YES,17039,3467,4258,9314,Dodge,95,2010,N,0,
45,18,695519,08/17/97,SC,250/500,1000,1231.45,0,696499,MALE,Associate,priv-house-serv,reading,wife,28814,-47674,01/09/15,Single Vehicle Collision,Front Collision,Total Loss,Police,SC,Arlington,3655 Maple Drive,17,2,YES,2,2,YES,5182,924,894,3364,Chevrolet,RAM,2010,N,0,
408,31,124081,09/14/96,VA,250/500,1000,1476.56,6000000,613346,FEMALE,High School,sales,golf,own-child,10896,-1825,06/28/15,Single Vehicle Collision,Rear Collision,Major Damage,Police,WV,Hillsdale,2704 5th Ridge,19,3,YES,1,1,YES,44318,6204,8350,29764,Accura,Pathfinder,1996,N,0,Agent disappeared after purchase.
494,73,594068,04/20/07,IL,250/500,1000,1926.9,0,682143,MALE,Associate,sales,skydiving,own-child,49510,-71019,04/20/14,Multi-vehicle Collision,?,Total Loss,,IL,Columbus,1190 Elm Lane,23,1,NO,1,3,NO,76494,16308,14862,45324,Ford,RSX,1995,N,0,
61,46,816886,05/11/06,NC,250/500,1000,1936.39,5000000,597908,FEMALE,Associate,tech-support,dancing,wife,56581,-23336,07/31/15,Multi-vehicle Collision,Rear Collision,Minor Damage,Police,OH,Hillsdale,6380 5th Ridge,18,2,?,2,1,YES,27117,5443,3533,18141,Accura,E400,1997,N,0,
360,51,620748,11/07/94,OH,250/500,500,1781.75,0,670393,FEMALE,PhD,exec-managerial,sleeping,unmarried,76337,-67986,12/28/14,Multi-vehicle Collision,Rear Collision,Major Damage,Police,WV,Riverwood,3108 3rd Hwy,3,1,YES,1,1,NO,26048,1867,4757,19424,Honda,A3,2014,N,0,
235,28,910628,01/24/97,VA,500/1000,1000,1400.91,5000000,695589,FEMALE,High School,tech-support,bungie-jumping,husband,5617,-2710,04/18/15,Vehicle Theft,Side Collision,Major Damage,Police,OH,Riverwood,3382 Elm Lane,8,3,YES,1,2,NO,19772,2636,4391,12745,Mercedes,Civic,2004,N,0,Disappointed with claims process.
290,51,845466,05/11/00,OH,100/300,2000,1590.47,6000000,515070,MALE,PhD,machine-op-inspct,board-games,wife,47735,-36690,07/25/15,Vehicle Theft,Front Collision,Major Damage,Police,OH,Hillsdale,6252 2nd Drive,4,1,YES,0,3,NO,61036,13193,3095,44748,Audi,E400,2001,N,0,
483,36,759486,02/22/13,IL,250/500,500,1126.69,5000000,558055,MALE,Associate,exec-managerial,skydiving,husband,38205,-24209,05/04/14,Multi-vehicle Collision,?,Minor Damage,,IL,Arlington,4300 3rd Hwy,7,2,?,1,3,?,50054,9831,6275,33948,Chevrolet,Tahoe,2015,N,0,
178,42,879532,08/06/15,IL,100/300,1000,879.26,6000000,569271,MALE,Masters,machine-op-inspct,golf,other-relative,49795,-61287,08/21/15,Multi-vehicle Collision,Side Collision,Major Damage,Police,NC,Springfield,4827 Elm Lane,9,1,YES,0,1,?,106722,14621,13394,78707,Ford,RAM,2008,Y,1,
138,48,651944,07/30/00,WV,100/300,2000,1213.23,5000000,437378,MALE,MD,sales,sleeping,own-child,58003,-30659,11/02/15,Single Vehicle Collision,Side Collision,Minor Damage,Other,IL,Columbus,3491 1st Ave,23,3,YES,0,2,YES,62202,4585,8347,49270,Ford,F150,2015,N,0,Claim settlement took longer than expected. Frustrating delays in processing.
102,61,645564,08/20/05,SC,250/500,500,885.81,6000000,440415,MALE,PhD,machine-op-inspct,golf,husband,11174,-32946,12/25/15,Multi-vehicle Collision,?,Major Damage,,OH,Arlington,4305 4th St,1,1,YES,0,1,YES,105216,6922,22143,76151,Toyota,RSX,2015,N,0,
100,18,728912,03/12/13,IN,250/500,500,1938.36,5000000,538099,MALE,PhD,machine-op-inspct,board-games,wife,33497,-21712,06/22/15,Single Vehicle Collision,Front Collision,Minor Damage,,SC,Northbend,2187 1st Ave,21,2,NO,2,3,YES,69209,12727,13727,42755,Ford,RAM,2004,N,0,
491,59,769516,10/02/92,OH,500/1000,1000,831.21,4000000,618463,FEMALE,High School,sales,board-games,husband,77116,-60863,07/25/14,Parked Car,Front Collision,Major Damage,Police,IL,Hillsdale,8854 4th St,16,3,YES,2,1,YES,107931,10061,18288,79582,Saab,A5,1998,Y,1,
125,78,621373,06/26/99,IN,100/300,500,963.81,6000000,413467,FEMALE,Masters,sales,dancing,wife,45257,-8171,03/21/14,Parked Car,Front Collision,Minor Damage,Police,NC,Northbend,3763 Maple Drive,15,3,NO,1,1,YES,32803,2050,7688,23065,Toyota,RAM,2000,N,0,
118,55,715636,02/18/91,WV,250/500,500,1214.17,5000000,551090,FEMALE,MD,sales,sleeping,unmarried,51727,-64821,08/14/14,Multi-vehicle Collision,Front Collision,Major Damage,Police,NC,Hillsdale,4811 5th Ridge,20,3,NO,0,1,YES,25293,5173,5948,14172,Toyota,Pathfinder,2000,N,0,
